variant	type	wildtype	mutation	exp	position	effect	effect_se	lfsr	pos_mean	pos_sd	discovery05
p.(G2del)	deletion	G	del0	ph55	2	-0.063730424866075	0.12710747177042675	0.318	0.17843419516125	0.05834875005982179	-0
p.(G2_N3del)	deletion	G	del1	ph55	2	0.3570599447225	0.12581842525055306	0.00225	0.17843419516125	0.05834875005982179	1
p.(G2_I4del)	deletion	G	del2	ph55	2	0.23039342028475	0.10951068101990254	0.01875	0.17843419516125	0.05834875005982179	1
p.(G2_N3insG)	insertion	G	ins0	ph55	2	0.28278948177	0.11800799834911725	0.00775	0.17843419516125	0.05834875005982179	1
p.(G2_N3insGS)	insertion	G	ins1	ph55	2	0.107847291120775	0.10365548600289233	0.147	0.17843419516125	0.05834875005982179	0
p.(G2A)	missense	G	A	ph55	2	0.109646994706725	0.12173100127511458	0.1845	0.17843419516125	0.05834875005982179	0
p.(G2C)	missense	G	C	ph55	2	0.27951489840045	0.10794716603573075	0.00675	0.17843419516125	0.05834875005982179	1
p.(G2D)	missense	G	D	ph55	2	0.04516577554787501	0.1139058096853019	0.34375	0.17843419516125	0.05834875005982179	0
p.(G2E)	missense	G	E	ph55	2	0.024298770426449998	0.10961943912359076	0.412	0.17843419516125	0.05834875005982179	0
p.(G2F)	missense	G	F	ph55	2	0.21406793022425	0.12050909919365503	0.039	0.17843419516125	0.05834875005982179	1
p.(G2H)	missense	G	H	ph55	2	0.38723853873999997	0.11844277108020752	2.5e-4	0.17843419516125	0.05834875005982179	1
p.(G2I)	missense	G	I	ph55	2	0.05991660398405001	0.1149098848708314	0.29775	0.17843419516125	0.05834875005982179	0
p.(G2K)	missense	G	K	ph55	2	0.359635296668	0.11429150205374547	5e-4	0.17843419516125	0.05834875005982179	1
p.(G2L)	missense	G	L	ph55	2	0.2067387815003	0.11219264105941099	0.03225	0.17843419516125	0.05834875005982179	1
p.(G2M)	missense	G	M	ph55	2	-0.1089707792094	0.11891041461754974	0.1795	0.17843419516125	0.05834875005982179	-0
p.(G2N)	missense	G	N	ph55	2	0.067404324712575	0.10058821907439201	0.256	0.17843419516125	0.05834875005982179	0
p.(G2P)	missense	G	P	ph55	2	0.166509838704125	0.12395941815472687	0.0865	0.17843419516125	0.05834875005982179	0
p.(G2Q)	missense	G	Q	ph55	2	0.3049191618125	0.11031068261704989	0.003	0.17843419516125	0.05834875005982179	1
p.(G2R)	missense	G	R	ph55	2	0.4315847914	0.132287960449731	0	0.17843419516125	0.05834875005982179	1
p.(G2S)	missense	G	S	ph55	2	0.1751322889125	0.10546609256516422	0.0475	0.17843419516125	0.05834875005982179	1
p.(G2T)	missense	G	T	ph55	2	0.134487344176525	0.1287301530088635	0.136	0.17843419516125	0.05834875005982179	0
p.(G2V)	missense	G	V	ph55	2	0.14977597466285	0.12182057026762115	0.104	0.17843419516125	0.05834875005982179	0
p.(G2W)	missense	G	W	ph55	2	0.22270362970225	0.09690384252948396	0.01175	0.17843419516125	0.05834875005982179	1
p.(G2Y)	missense	G	Y	ph55	2	0.1644161860748	0.11831456154697097	0.08225	0.17843419516125	0.05834875005982179	0
p.(G2G)	synonymous	G	G	ph55	2	0.055920344831	0.1391083980936467	0.34075	NA	NA	0
p.(N3del)	deletion	N	del0	ph55	3	0.19458011114325	0.11884446134440828	0.04525	0.017339171214275	0.057666715737199246	1
p.(N3_I4del)	deletion	N	del1	ph55	3	0.08956861897246	0.1267451035813967	0.2365	0.017339171214275	0.057666715737199246	0
p.(N3_T5del)	deletion	N	del2	ph55	3	0.092943943971725	0.09330672609867606	0.15975	0.017339171214275	0.057666715737199246	0
p.(N3_I4insG)	insertion	N	ins0	ph55	3	-0.009955242249692504	0.1144407897517904	0.464	0.017339171214275	0.057666715737199246	-0
p.(N3_I4insGS)	insertion	N	ins1	ph55	3	-0.24114562681925	0.10127846593727878	0.00725	0.017339171214275	0.057666715737199246	-1
p.(N3_I4insGSG)	insertion	N	ins2	ph55	3	0.1028842265703	0.14076354296302798	0.2285	0.017339171214275	0.057666715737199246	0
p.(N3A)	missense	N	A	ph55	3	0.03763048565780501	0.09726202408053107	0.342	0.017339171214275	0.057666715737199246	0
p.(N3C)	missense	N	C	ph55	3	-0.007519860177484997	0.11093975986432143	0.4695	0.017339171214275	0.057666715737199246	-0
p.(N3D)	missense	N	D	ph55	3	-3.8666365649999633e-4	0.11949241090423948	0.497	0.017339171214275	0.057666715737199246	-0
p.(N3E)	missense	N	E	ph55	3	0.106348689131125	0.1251652801754327	0.19675	0.017339171214275	0.057666715737199246	0
p.(N3F)	missense	N	F	ph55	3	0.30626856627225	0.12330291915319738	0.00425	0.017339171214275	0.057666715737199246	1
p.(N3G)	missense	N	G	ph55	3	0.15452005610325	0.1098119925569634	0.07875	0.017339171214275	0.057666715737199246	0
p.(N3H)	missense	N	H	ph55	3	0.078612678438525	0.11100337148274365	0.23525	0.017339171214275	0.057666715737199246	0
p.(N3I)	missense	N	I	ph55	3	-0.126384307490425	0.11306975581201947	0.13125	0.017339171214275	0.057666715737199246	-0
p.(N3K)	missense	N	K	ph55	3	-0.0325058178482	0.11270792450867331	0.383	0.017339171214275	0.057666715737199246	-0
p.(N3L)	missense	N	L	ph55	3	-0.061967048277525	0.11587840405646886	0.29825	0.017339171214275	0.057666715737199246	-0
p.(N3M)	missense	N	M	ph55	3	0.0476390714917	0.1143719964354777	0.34125	0.017339171214275	0.057666715737199246	0
p.(N3P)	missense	N	P	ph55	3	-0.18269414467545	0.12185276716568443	0.065	0.017339171214275	0.057666715737199246	-0
p.(N3Q)	missense	N	Q	ph55	3	-0.068982297239	0.10549675345962745	0.25125	0.017339171214275	0.057666715737199246	-0
p.(N3R)	missense	N	R	ph55	3	0.036067655308549995	0.10299474786229572	0.36275	0.017339171214275	0.057666715737199246	0
p.(N3S)	missense	N	S	ph55	3	-0.187910655506375	0.11662925126935451	0.05275	0.017339171214275	0.057666715737199246	-0
p.(N3T)	missense	N	T	ph55	3	-0.1279732879985	0.10253440665913284	0.1015	0.017339171214275	0.057666715737199246	-0
p.(N3V)	missense	N	V	ph55	3	0.10823262634165	0.12254469445732903	0.18425	0.017339171214275	0.057666715737199246	0
p.(N3W)	missense	N	W	ph55	3	0.07157491893486	0.10503310307220363	0.24975	0.017339171214275	0.057666715737199246	0
p.(N3Y)	missense	N	Y	ph55	3	0.0546730705905	0.11499301830985881	0.3185	0.017339171214275	0.057666715737199246	0
p.(N3N)	synonymous	N	N	ph55	3	-0.214512022733025	0.11069757897633797	0.0265	NA	NA	-1
p.(I4del)	deletion	I	del0	ph55	4	-0.348589505825	0.1002578918864323	0	0.074680278976025	0.06719142056945034	-1
p.(I4_T5del)	deletion	I	del1	ph55	4	0.112235700071025	0.13606165983387944	0.2085	0.074680278976025	0.06719142056945034	0
p.(I4_A6del)	deletion	I	del2	ph55	4	0.04767717659529	0.10532876571087468	0.32725	0.074680278976025	0.06719142056945034	0
p.(I4_T5insG)	insertion	I	ins0	ph55	4	0.091172796470825	0.12298156038183056	0.2265	0.074680278976025	0.06719142056945034	0
p.(I4_T5insGS)	insertion	I	ins1	ph55	4	-0.12011009318766751	0.1179687832267362	0.15025	0.074680278976025	0.06719142056945034	-0
p.(I4_T5insGSG)	insertion	I	ins2	ph55	4	-0.090953119880125	0.122088690141334	0.22675	0.074680278976025	0.06719142056945034	-0
p.(I4A)	missense	I	A	ph55	4	-0.0628180500855	0.11990622965465587	0.301	0.074680278976025	0.06719142056945034	-0
p.(I4C)	missense	I	C	ph55	4	0.008313733706375	0.12674914212941246	0.47025	0.074680278976025	0.06719142056945034	0
p.(I4D)	missense	I	D	ph55	4	0.41961225182	0.1381773310362412	5e-4	0.074680278976025	0.06719142056945034	1
p.(I4E)	missense	I	E	ph55	4	0.108935131655475	0.12227425663304752	0.18725	0.074680278976025	0.06719142056945034	0
p.(I4F)	missense	I	F	ph55	4	-0.0910169316396	0.11254499180238814	0.21225	0.074680278976025	0.06719142056945034	-0
p.(I4G)	missense	I	G	ph55	4	0.27641051959	0.11688274062847961	0.0075	0.074680278976025	0.06719142056945034	1
p.(I4H)	missense	I	H	ph55	4	0.027757421207975003	0.11820679160518342	0.40525	0.074680278976025	0.06719142056945034	0
p.(I4K)	missense	I	K	ph55	4	0.238259401279	0.11997678688419844	0.0215	0.074680278976025	0.06719142056945034	1
p.(I4L)	missense	I	L	ph55	4	0.13547540474944	0.12356416222030799	0.133	0.074680278976025	0.06719142056945034	0
p.(I4M)	missense	I	M	ph55	4	0.3078903034426	0.13102253066498054	0.009	0.074680278976025	0.06719142056945034	1
p.(I4N)	missense	I	N	ph55	4	0.3478919576225	0.10284804398242339	2.5e-4	0.074680278976025	0.06719142056945034	1
p.(I4P)	missense	I	P	ph55	4	-0.150200267429275	0.11233080102380694	0.0925	0.074680278976025	0.06719142056945034	-0
p.(I4Q)	missense	I	Q	ph55	4	0.12835277891275	0.10885288221686949	0.11925	0.074680278976025	0.06719142056945034	0
p.(I4R)	missense	I	R	ph55	4	0.21981582108275	0.13164397293486413	0.048	0.074680278976025	0.06719142056945034	1
p.(I4S)	missense	I	S	ph55	4	0.349041691765	0.12835334723858566	0.00425	0.074680278976025	0.06719142056945034	1
p.(I4T)	missense	I	T	ph55	4	0.04460392245935	0.10677861916111699	0.3475	0.074680278976025	0.06719142056945034	0
p.(I4V)	missense	I	V	ph55	4	-0.059520476230975	0.12280060231722766	0.31475	0.074680278976025	0.06719142056945034	-0
p.(I4W)	missense	I	W	ph55	4	-0.276043305034	0.11661469597953579	0.006	0.074680278976025	0.06719142056945034	-1
p.(I4Y)	missense	I	Y	ph55	4	0.2353686646355	0.1349992036553115	0.04075	0.074680278976025	0.06719142056945034	1
p.(T5del)	deletion	T	del0	ph55	5	4.632420038750011e-4	0.13845158976876099	0.4915	0.0636137444149775	0.06603978323642427	0
p.(T5_A6del)	deletion	T	del1	ph55	5	0.14442221564903251	0.1262466643296991	0.12775	0.0636137444149775	0.06603978323642427	0
p.(T5_D7del)	deletion	T	del2	ph55	5	-0.19121189476775	0.12292911657374501	0.059	0.0636137444149775	0.06603978323642427	-0
p.(T5_A6insG)	insertion	T	ins0	ph55	5	0.035522486565450005	0.1210669277112855	0.3905	0.0636137444149775	0.06603978323642427	0
p.(T5_A6insGS)	insertion	T	ins1	ph55	5	-0.137394270683	0.08166693170412845	0.04925	0.0636137444149775	0.06603978323642427	-1
p.(T5_A6insGSG)	insertion	T	ins2	ph55	5	0.189050125111775	0.14107989022243836	0.087	0.0636137444149775	0.06603978323642427	0
p.(T5A)	missense	T	A	ph55	5	0.090026264494375	0.11274830083775046	0.20875	0.0636137444149775	0.06603978323642427	0
p.(T5C)	missense	T	C	ph55	5	0.12229240157632501	0.12439889989392981	0.162	0.0636137444149775	0.06603978323642427	0
p.(T5D)	missense	T	D	ph55	5	0.298461554358775	0.13057012976989035	0.00975	0.0636137444149775	0.06603978323642427	1
p.(T5E)	missense	T	E	ph55	5	0.0955938736122	0.12231425584213422	0.20925	0.0636137444149775	0.06603978323642427	0
p.(T5F)	missense	T	F	ph55	5	0.251807534253775	0.14772977174595492	0.0415	0.0636137444149775	0.06603978323642427	1
p.(T5G)	missense	T	G	ph55	5	0.106583934725675	0.12007563385747494	0.185	0.0636137444149775	0.06603978323642427	0
p.(T5H)	missense	T	H	ph55	5	-0.25445422196025	0.12746683184026014	0.02175	0.0636137444149775	0.06603978323642427	-1
p.(T5I)	missense	T	I	ph55	5	0.2536156644798925	0.1253359106182766	0.0215	0.0636137444149775	0.06603978323642427	1
p.(T5K)	missense	T	K	ph55	5	-0.06128638560872499	0.12290908971869055	0.313	0.0636137444149775	0.06603978323642427	-0
p.(T5L)	missense	T	L	ph55	5	-0.150567401627325	0.13528706002199353	0.13175	0.0636137444149775	0.06603978323642427	-0
p.(T5M)	missense	T	M	ph55	5	0.032300272391425	0.12998222834809592	0.39775	0.0636137444149775	0.06603978323642427	0
p.(T5N)	missense	T	N	ph55	5	-0.017500641556925	0.1282424444651231	0.44675	0.0636137444149775	0.06603978323642427	-0
p.(T5P)	missense	T	P	ph55	5	-0.083469078183825	0.11582581819901115	0.227	0.0636137444149775	0.06603978323642427	-0
p.(T5Q)	missense	T	Q	ph55	5	0.49140844789	0.14889462594822217	5e-4	0.0636137444149775	0.06603978323642427	1
p.(T5R)	missense	T	R	ph55	5	0.42718583495	0.1240407434826541	0	0.0636137444149775	0.06603978323642427	1
p.(T5S)	missense	T	S	ph55	5	0.038213065840000005	0.11788439910095512	0.374	0.0636137444149775	0.06603978323642427	0
p.(T5V)	missense	T	V	ph55	5	-0.03627400991344999	0.12226703507695476	0.38175	0.0636137444149775	0.06603978323642427	-0
p.(T5W)	missense	T	W	ph55	5	0.05871530002279999	0.12163898977789099	0.3175	0.0636137444149775	0.06603978323642427	0
p.(T5Y)	missense	T	Y	ph55	5	-0.10335365997887501	0.11137799582198592	0.18175	0.0636137444149775	0.06603978323642427	-0
p.(T5T)	synonymous	T	T	ph55	5	0.3420340351675	0.15829167067467062	0.018	NA	NA	1
p.(A6del)	deletion	A	del0	ph55	6	0.016227386631825002	0.10878131805598676	0.437	0.098876812945605	0.06591782840229406	0
p.(A6_D7del)	deletion	A	del1	ph55	6	0.4736914815	0.09237555918412516	0	0.098876812945605	0.06591782840229406	1
p.(A6_N8del)	deletion	A	del2	ph55	6	0.087941786778425	0.11060335257167299	0.21175	0.098876812945605	0.06591782840229406	0
p.(A6_D7insG)	insertion	A	ins0	ph55	6	0.28670994679725	0.11719390391020762	0.0055	0.098876812945605	0.06591782840229406	1
p.(A6_D7insGS)	insertion	A	ins1	ph55	6	-0.00892135923075	0.1141026376384691	0.459	0.098876812945605	0.06591782840229406	-0
p.(A6_D7insGSG)	insertion	A	ins2	ph55	6	0.130582216744	0.12160096512769185	0.14175	0.098876812945605	0.06591782840229406	0
p.(A6C)	missense	A	C	ph55	6	0.24908063250325	0.11468737229209422	0.01425	0.098876812945605	0.06591782840229406	1
p.(A6D)	missense	A	D	ph55	6	-0.040389161121075004	0.10544274883678852	0.3545	0.098876812945605	0.06591782840229406	-0
p.(A6E)	missense	A	E	ph55	6	0.048818319355625	0.10886728050966452	0.31775	0.098876812945605	0.06591782840229406	0
p.(A6F)	missense	A	F	ph55	6	0.02144954395125	0.12342382702395992	0.42275	0.098876812945605	0.06591782840229406	0
p.(A6G)	missense	A	G	ph55	6	-0.163007194759375	0.10319182667515185	0.056	0.098876812945605	0.06591782840229406	-0
p.(A6H)	missense	A	H	ph55	6	0.11704850275374999	0.11898964813443794	0.16275	0.098876812945605	0.06591782840229406	0
p.(A6I)	missense	A	I	ph55	6	0.10139665623885	0.11996808102724085	0.1895	0.098876812945605	0.06591782840229406	0
p.(A6K)	missense	A	K	ph55	6	0.240810591118775	0.13061484326152423	0.03125	0.098876812945605	0.06591782840229406	1
p.(A6L)	missense	A	L	ph55	6	-0.10522646655045	0.11762107839952307	0.18675	0.098876812945605	0.06591782840229406	-0
p.(A6M)	missense	A	M	ph55	6	0.036198668164675	0.11750045964486175	0.37925	0.098876812945605	0.06591782840229406	0
p.(A6N)	missense	A	N	ph55	6	-0.099371080684725	0.11227331690282205	0.1925	0.098876812945605	0.06591782840229406	-0
p.(A6P)	missense	A	P	ph55	6	0.090666202211875	0.11960131691057586	0.22475	0.098876812945605	0.06591782840229406	0
p.(A6Q)	missense	A	Q	ph55	6	0.105980090853185	0.1178484770653034	0.1905	0.098876812945605	0.06591782840229406	0
p.(A6R)	missense	A	R	ph55	6	0.16651090551475	0.11421886823021482	0.07475	0.098876812945605	0.06591782840229406	0
p.(A6S)	missense	A	S	ph55	6	-0.269148252823	0.10052611179827486	0.004	0.098876812945605	0.06591782840229406	-1
p.(A6T)	missense	A	T	ph55	6	0.5280977366	0.14429692926887877	0	0.098876812945605	0.06591782840229406	1
p.(A6V)	missense	A	V	ph55	6	0.29293476781	0.10263353162179713	0.00275	0.098876812945605	0.06591782840229406	1
p.(A6W)	missense	A	W	ph55	6	0.2988158125755	0.1415645121693549	0.017	0.098876812945605	0.06591782840229406	1
p.(A6Y)	missense	A	Y	ph55	6	-0.049403209093275	0.1054612961737801	0.32325	0.098876812945605	0.06591782840229406	-0
p.(D7del)	deletion	D	del0	ph55	7	0.015745539126525	0.12677807052998544	0.44675	0.202522914783625	0.07548458103234477	0
p.(D7_N8del)	deletion	D	del1	ph55	7	0.08208220863837501	0.12939314843915825	0.265	0.202522914783625	0.07548458103234477	0
p.(D7_S9del)	deletion	D	del2	ph55	7	0.035618552222	0.10879449899508452	0.3725	0.202522914783625	0.07548458103234477	0
p.(D7_N8insG)	insertion	D	ins0	ph55	7	0.36654349225	0.11830398084729352	5e-4	0.202522914783625	0.07548458103234477	1
p.(D7_N8insGS)	insertion	D	ins1	ph55	7	0.21449209165125	0.13745109079290152	0.063	0.202522914783625	0.07548458103234477	0
p.(D7_N8insGSG)	insertion	D	ins2	ph55	7	0.65979949575	0.1440580477979357	0	0.202522914783625	0.07548458103234477	1
p.(D7A)	missense	D	A	ph55	7	0.155272842357925	0.14383759370030508	0.13625	0.202522914783625	0.07548458103234477	0
p.(D7C)	missense	D	C	ph55	7	0.008915494930124997	0.11526404877923427	0.46925	0.202522914783625	0.07548458103234477	0
p.(D7E)	missense	D	E	ph55	7	-0.015869045491250004	0.13134304901642635	0.454	0.202522914783625	0.07548458103234477	-0
p.(D7F)	missense	D	F	ph55	7	0.323626641195225	0.1289516929655739	0.004	0.202522914783625	0.07548458103234477	1
p.(D7G)	missense	D	G	ph55	7	0.267733281928	0.12333253209263652	0.014	0.202522914783625	0.07548458103234477	1
p.(D7H)	missense	D	H	ph55	7	0.09107104903315	0.13672589214874037	0.25625	0.202522914783625	0.07548458103234477	0
p.(D7I)	missense	D	I	ph55	7	0.18385617815975	0.1422344991572868	0.09225	0.202522914783625	0.07548458103234477	0
p.(D7K)	missense	D	K	ph55	7	-0.06518943605602501	0.13198317457093311	0.313	0.202522914783625	0.07548458103234477	-0
p.(D7L)	missense	D	L	ph55	7	-0.106228887541025	0.13195675245944202	0.2135	0.202522914783625	0.07548458103234477	-0
p.(D7M)	missense	D	M	ph55	7	0.60208200055825	0.13002937370311846	2.5e-4	0.202522914783625	0.07548458103234477	1
p.(D7N)	missense	D	N	ph55	7	-0.13464125171335	0.09256255551818197	0.06525	0.202522914783625	0.07548458103234477	-0
p.(D7P)	missense	D	P	ph55	7	0.3082229711605	0.13278271072218967	0.00975	0.202522914783625	0.07548458103234477	1
p.(D7Q)	missense	D	Q	ph55	7	0.7614349155	0.15938645035233334	0	0.202522914783625	0.07548458103234477	1
p.(D7R)	missense	D	R	ph55	7	0.2318593039065	0.13906282994409755	0.04975	0.202522914783625	0.07548458103234477	1
p.(D7S)	missense	D	S	ph55	7	0.3008724753125	0.11814731996481466	0.0055	0.202522914783625	0.07548458103234477	1
p.(D7T)	missense	D	T	ph55	7	0.31245284366299997	0.14400555087691827	0.01675	0.202522914783625	0.07548458103234477	1
p.(D7V)	missense	D	V	ph55	7	0.33743497148	0.12268255451007318	0.002	0.202522914783625	0.07548458103234477	1
p.(D7W)	missense	D	W	ph55	7	0.12813467529585001	0.1357741482077459	0.1705	0.202522914783625	0.07548458103234477	0
p.(D7Y)	missense	D	Y	ph55	7	0.007354148123999998	0.11439939800488177	0.47225	0.202522914783625	0.07548458103234477	0
p.(D7D)	synonymous	D	D	ph55	7	0.170453269397	0.1234107496951411	0.0855	NA	NA	0
p.(N8del)	deletion	N	del0	ph55	8	2.2495427167499947e-4	0.12019119803367831	0.4935	0.012260173488457503	0.07509296800923776	0
p.(N8_S9del)	deletion	N	del1	ph55	8	-0.09466847035124999	0.11611115854796494	0.20225	0.012260173488457503	0.07509296800923776	-0
p.(N8_S10del)	deletion	N	del2	ph55	8	0.2297523319325	0.12589233810586514	0.03525	0.012260173488457503	0.07509296800923776	1
p.(N8_S9insG)	insertion	N	ins0	ph55	8	0.0078570051566425	0.1025843282925744	0.472	0.012260173488457503	0.07509296800923776	0
p.(N8_S9insGS)	insertion	N	ins1	ph55	8	-0.1085123260956	0.1266864483297026	0.19275	0.012260173488457503	0.07509296800923776	-0
p.(N8_S9insGSG)	insertion	N	ins2	ph55	8	-0.104356243848	0.12107837415834675	0.1955	0.012260173488457503	0.07509296800923776	-0
p.(N8A)	missense	N	A	ph55	8	0.4446066780765	0.1456663036682772	0.00225	0.012260173488457503	0.07509296800923776	1
p.(N8C)	missense	N	C	ph55	8	-0.1371455906522	0.13439636158921808	0.14925	0.012260173488457503	0.07509296800923776	-0
p.(N8D)	missense	N	D	ph55	8	0.057741583418075004	0.1338516234327236	0.33625	0.012260173488457503	0.07509296800923776	0
p.(N8F)	missense	N	F	ph55	8	0.337377755145	0.1423104895505017	0.0065	0.012260173488457503	0.07509296800923776	1
p.(N8G)	missense	N	G	ph55	8	-0.25020451500525	0.1327208838067073	0.02675	0.012260173488457503	0.07509296800923776	-1
p.(N8H)	missense	N	H	ph55	8	-0.1432921956446	0.10781038167903668	0.08525	0.012260173488457503	0.07509296800923776	-0
p.(N8I)	missense	N	I	ph55	8	-0.1113971065041	0.13127113077558616	0.1935	0.012260173488457503	0.07509296800923776	-0
p.(N8K)	missense	N	K	ph55	8	0.12834996996644998	0.13988168023893668	0.1735	0.012260173488457503	0.07509296800923776	0
p.(N8L)	missense	N	L	ph55	8	0.24701584632544998	0.14531503630963943	0.04275	0.012260173488457503	0.07509296800923776	1
p.(N8M)	missense	N	M	ph55	8	-0.07422212527543999	0.12050069754883701	0.27325	0.012260173488457503	0.07509296800923776	-0
p.(N8P)	missense	N	P	ph55	8	0.23049514081745	0.14110905439587595	0.052	0.012260173488457503	0.07509296800923776	0
p.(N8Q)	missense	N	Q	ph55	8	-0.06994427870504999	0.11190680518279843	0.27	0.012260173488457503	0.07509296800923776	-0
p.(N8R)	missense	N	R	ph55	8	-0.11188272174365001	0.12959439922513977	0.18975	0.012260173488457503	0.07509296800923776	-0
p.(N8S)	missense	N	S	ph55	8	0.629012197	0.13671928486870244	0	0.012260173488457503	0.07509296800923776	1
p.(N8T)	missense	N	T	ph55	8	-0.26638444323	0.09818637126847043	0.00225	0.012260173488457503	0.07509296800923776	-1
p.(N8V)	missense	N	V	ph55	8	-0.28041226751675	0.09521241573700187	0.00175	0.012260173488457503	0.07509296800923776	-1
p.(N8W)	missense	N	W	ph55	8	-0.055726089083975	0.12060383138559885	0.324	0.012260173488457503	0.07509296800923776	-0
p.(N8Y)	missense	N	Y	ph55	8	-0.05942400874805	0.1185630446458924	0.30675	0.012260173488457503	0.07509296800923776	-0
p.(S9del)	deletion	S	del0	ph55	9	0.2186987712905	0.1137551920062589	0.02575	0.08247918623205	0.06268180894069432	1
p.(S9_S10del)	deletion	S	del1	ph55	9	0.12852633828385	0.12169913584232776	0.15125	0.08247918623205	0.06268180894069432	0
p.(S9_M11del)	deletion	S	del2	ph55	9	0.06777641462275501	0.0952280599695275	0.2395	0.08247918623205	0.06268180894069432	0
p.(S9_S10insG)	insertion	S	ins0	ph55	9	0.030636159337724997	0.12446875151961218	0.40875	0.08247918623205	0.06268180894069432	0
p.(S9_S10insGS)	insertion	S	ins1	ph55	9	-0.10046000834174999	0.12066498095663064	0.20625	0.08247918623205	0.06268180894069432	-0
p.(S9_S10insGSG)	insertion	S	ins2	ph55	9	0.037123904505625	0.11464799933444515	0.37175	0.08247918623205	0.06268180894069432	0
p.(S9A)	missense	S	A	ph55	9	-0.2381084696655	0.1144951495475687	0.01525	0.08247918623205	0.06268180894069432	-1
p.(S9C)	missense	S	C	ph55	9	0.009583473443724995	0.12863742529825653	0.45925	0.08247918623205	0.06268180894069432	0
p.(S9D)	missense	S	D	ph55	9	-0.09418012934425	0.11633349221102265	0.212	0.08247918623205	0.06268180894069432	-0
p.(S9E)	missense	S	E	ph55	9	0.0018732235741249997	0.11322645024127281	0.49825	0.08247918623205	0.06268180894069432	0
p.(S9F)	missense	S	F	ph55	9	-0.049846096782965005	0.10468127048707068	0.315	0.08247918623205	0.06268180894069432	-0
p.(S9G)	missense	S	G	ph55	9	0.0865446060345	0.13880704031977864	0.25975	0.08247918623205	0.06268180894069432	0
p.(S9H)	missense	S	H	ph55	9	-0.1353933632017	0.13543912945959333	0.1615	0.08247918623205	0.06268180894069432	-0
p.(S9I)	missense	S	I	ph55	9	0.22503338471525	0.12555719231802367	0.036	0.08247918623205	0.06268180894069432	1
p.(S9K)	missense	S	K	ph55	9	0.101954722573	0.10635662659423047	0.16725	0.08247918623205	0.06268180894069432	0
p.(S9L)	missense	S	L	ph55	9	0.204064003687775	0.13205368585886607	0.06175	0.08247918623205	0.06268180894069432	0
p.(S9M)	missense	S	M	ph55	9	0.09295194095807499	0.11613222995724413	0.2125	0.08247918623205	0.06268180894069432	0
p.(S9N)	missense	S	N	ph55	9	0.3857910632475	0.11962606109872248	2.5e-4	0.08247918623205	0.06268180894069432	1
p.(S9P)	missense	S	P	ph55	9	0.17977971330887502	0.12803994881004474	0.07925	0.08247918623205	0.06268180894069432	0
p.(S9Q)	missense	S	Q	ph55	9	0.05045415765247	0.1304971649406446	0.347	0.08247918623205	0.06268180894069432	0
p.(S9R)	missense	S	R	ph55	9	0.2357079079293	0.11238869820794674	0.016	0.08247918623205	0.06268180894069432	1
p.(S9T)	missense	S	T	ph55	9	0.008181024163010005	0.14030749374940268	0.47475	0.08247918623205	0.06268180894069432	0
p.(S9V)	missense	S	V	ph55	9	0.12436549785505	0.10226772419903815	0.113	0.08247918623205	0.06268180894069432	0
p.(S9W)	missense	S	W	ph55	9	0.042002726715899996	0.12978546733730778	0.3715	0.08247918623205	0.06268180894069432	0
p.(S9Y)	missense	S	Y	ph55	9	0.489779456575	0.13423624813241233	2.5e-4	0.08247918623205	0.06268180894069432	1
p.(S9S)	synonymous	S	S	ph55	9	-0.5252109323825	0.1565595880121058	2.5e-4	NA	NA	-1
p.(S10_M11del)	deletion	S	del1	ph55	10	0.14806459786975	0.1228930542903372	0.1135	0.09005152062105	0.07940973446781623	0
p.(S10_M11insG)	insertion	S	ins0	ph55	10	0.15877795767225	0.12367809764407882	0.0995	0.09005152062105	0.07940973446781623	0
p.(S10_M11insGSG)	insertion	S	ins2	ph55	10	0.553156924	0.10537786584648028	0	0.09005152062105	0.07940973446781623	1
p.(S10A)	missense	S	A	ph55	10	0.3926321503545	0.1676239541024265	0.01	0.09005152062105	0.07940973446781623	1
p.(S10C)	missense	S	C	ph55	10	-0.180908493018325	0.11186875941667099	0.054	0.09005152062105	0.07940973446781623	-0
p.(S10D)	missense	S	D	ph55	10	0.12494992787215	0.1572143391796616	0.21625	0.09005152062105	0.07940973446781623	0
p.(S10E)	missense	S	E	ph55	10	0.07307723232015	0.120397745815891	0.2675	0.09005152062105	0.07940973446781623	0
p.(S10F)	missense	S	F	ph55	10	-0.197043362652	0.11024396260247474	0.0375	0.09005152062105	0.07940973446781623	-1
p.(S10G)	missense	S	G	ph55	10	-0.027267713393099996	0.10317849515839606	0.3965	0.09005152062105	0.07940973446781623	-0
p.(S10H)	missense	S	H	ph55	10	0.2686977740675	0.13008642644063412	0.02025	0.09005152062105	0.07940973446781623	1
p.(S10I)	missense	S	I	ph55	10	0.14412242499765	0.12001778201609735	0.11825	0.09005152062105	0.07940973446781623	0
p.(S10K)	missense	S	K	ph55	10	0.37094421575250003	0.14715886905702283	0.0045	0.09005152062105	0.07940973446781623	1
p.(S10L)	missense	S	L	ph55	10	-0.22269605174575	0.1514951846604364	0.0705	0.09005152062105	0.07940973446781623	-0
p.(S10M)	missense	S	M	ph55	10	-0.021561294560553997	0.14095336826671898	0.4395	0.09005152062105	0.07940973446781623	-0
p.(S10N)	missense	S	N	ph55	10	-0.19653669963625	0.10870464044593836	0.0345	0.09005152062105	0.07940973446781623	-1
p.(S10P)	missense	S	P	ph55	10	-0.126650209713625	0.10282603238294077	0.11025	0.09005152062105	0.07940973446781623	-0
p.(S10Q)	missense	S	Q	ph55	10	-0.33924924413875	0.1068752773802945	0.001	0.09005152062105	0.07940973446781623	-1
p.(S10R)	missense	S	R	ph55	10	0.2156441717523	0.12931419647613582	0.0465	0.09005152062105	0.07940973446781623	1
p.(S10T)	missense	S	T	ph55	10	0.023614210557875	0.1251116535941129	0.4255	0.09005152062105	0.07940973446781623	0
p.(S10V)	missense	S	V	ph55	10	0.213524877539425	0.13241895425373262	0.0565	0.09005152062105	0.07940973446781623	0
p.(S10W)	missense	S	W	ph55	10	0.523044518275	0.16574767823644537	2.5e-4	0.09005152062105	0.07940973446781623	1
p.(S10Y)	missense	S	Y	ph55	10	0.118528062387525	0.10054470302052196	0.11275	0.09005152062105	0.07940973446781623	0
p.(S10S)	synonymous	S	S	ph55	10	0.028290025176950003	0.11046595217751538	0.39975	NA	NA	0
p.(M11del)	deletion	M	del0	ph55	11	0.17883245634125	0.09970522405579672	0.03575	0.0931741443441345	0.06911488744229716	1
p.(M11_C13del)	deletion	M	del2	ph55	11	-0.521016317	0.1024363800568568	0	0.0931741443441345	0.06911488744229716	-1
p.(M11_S12insG)	insertion	M	ins0	ph55	11	0.52038344875	0.11349434079379207	0	0.0931741443441345	0.06911488744229716	1
p.(M11_S12insGS)	insertion	M	ins1	ph55	11	0.138318629716875	0.10388464491763344	0.09025	0.0931741443441345	0.06911488744229716	0
p.(M11_S12insGSG)	insertion	M	ins2	ph55	11	0.199186905378775	0.13475634239687953	0.064	0.0931741443441345	0.06911488744229716	0
p.(M11A)	missense	M	A	ph55	11	0.07953464814967501	0.13944303924087775	0.28125	0.0931741443441345	0.06911488744229716	0
p.(M11C)	missense	M	C	ph55	11	0.03336838717275	0.1290184956680857	0.38825	0.0931741443441345	0.06911488744229716	0
p.(M11D)	missense	M	D	ph55	11	0.1467734474885	0.12888409559832287	0.12275	0.0931741443441345	0.06911488744229716	0
p.(M11E)	missense	M	E	ph55	11	0.06938103527134999	0.1243720251612317	0.295	0.0931741443441345	0.06911488744229716	0
p.(M11F)	missense	M	F	ph55	11	0.29350215519275	0.13495950293912634	0.0165	0.0931741443441345	0.06911488744229716	1
p.(M11G)	missense	M	G	ph55	11	0.11013729125742501	0.1261596720334756	0.19125	0.0931741443441345	0.06911488744229716	0
p.(M11H)	missense	M	H	ph55	11	-0.132299660409875	0.11119765530370766	0.11975	0.0931741443441345	0.06911488744229716	-0
p.(M11I)	missense	M	I	ph55	11	0.21956766662655	0.10695716117266983	0.02	0.0931741443441345	0.06911488744229716	1
p.(M11K)	missense	M	K	ph55	11	-0.088976909664945	0.13239877100019956	0.25475	0.0931741443441345	0.06911488744229716	-0
p.(M11L)	missense	M	L	ph55	11	0.161133776856375	0.12816916552080232	0.1045	0.0931741443441345	0.06911488744229716	0
p.(M11N)	missense	M	N	ph55	11	0.12160479800825	0.11439689077753513	0.14575	0.0931741443441345	0.06911488744229716	0
p.(M11P)	missense	M	P	ph55	11	-0.0553063743395	0.12074590557170692	0.31825	0.0931741443441345	0.06911488744229716	-0
p.(M11Q)	missense	M	Q	ph55	11	0.28799882956580003	0.1175258743131068	0.00625	0.0931741443441345	0.06911488744229716	1
p.(M11R)	missense	M	R	ph55	11	0.07953178273465	0.13131899070324154	0.26925	0.0931741443441345	0.06911488744229716	0
p.(M11S)	missense	M	S	ph55	11	-0.03439422664845	0.16020585153535427	0.408	0.0931741443441345	0.06911488744229716	-0
p.(M11T)	missense	M	T	ph55	11	-0.0375256385993	0.12270975436273875	0.38325	0.0931741443441345	0.06911488744229716	-0
p.(M11V)	missense	M	V	ph55	11	0.043628973147974995	0.12037646419472778	0.365	0.0931741443441345	0.06911488744229716	0
p.(M11W)	missense	M	W	ph55	11	0.21066779493825	0.1260654570630307	0.04725	0.0931741443441345	0.06911488744229716	1
p.(M11Y)	missense	M	Y	ph55	11	0.2734465877475	0.12186580303808581	0.01225	0.0931741443441345	0.06911488744229716	1
p.(S12del)	deletion	S	del0	ph55	12	0.0010634859664250048	0.1103393952932309	0.49525	0.1084772208410025	0.08509053241156558	0
p.(S12_C13del)	deletion	S	del1	ph55	12	-0.735391745	0.11149533080974088	0	0.1084772208410025	0.08509053241156558	-1
p.(S12_T14del)	deletion	S	del2	ph55	12	-0.534720634	0.10564741357442359	0	0.1084772208410025	0.08509053241156558	-1
p.(S12_C13insG)	insertion	S	ins0	ph55	12	0.21902735057675	0.12772249101104366	0.036	0.1084772208410025	0.08509053241156558	1
p.(S12_C13insGS)	insertion	S	ins1	ph55	12	0.1240527716665	0.1490396523623649	0.199	0.1084772208410025	0.08509053241156558	0
p.(S12_C13insGSG)	insertion	S	ins2	ph55	12	0.05074748964922499	0.11864802552524531	0.32625	0.1084772208410025	0.08509053241156558	0
p.(S12A)	missense	S	A	ph55	12	0.11744286746725	0.12102764866739091	0.16575	0.1084772208410025	0.08509053241156558	0
p.(S12C)	missense	S	C	ph55	12	0.022864793130800004	0.1442007407123941	0.43375	0.1084772208410025	0.08509053241156558	0
p.(S12D)	missense	S	D	ph55	12	0.1840920164396	0.14456645452294828	0.09825	0.1084772208410025	0.08509053241156558	0
p.(S12E)	missense	S	E	ph55	12	-0.11902335871475	0.11369712952169604	0.152	0.1084772208410025	0.08509053241156558	-0
p.(S12F)	missense	S	F	ph55	12	0.25910075747845	0.11841306210267356	0.01725	0.1084772208410025	0.08509053241156558	1
p.(S12G)	missense	S	G	ph55	12	0.1656333945665	0.10761570642484039	0.06675	0.1084772208410025	0.08509053241156558	0
p.(S12H)	missense	S	H	ph55	12	0.186159634247325	0.11097827630423619	0.04375	0.1084772208410025	0.08509053241156558	1
p.(S12I)	missense	S	I	ph55	12	0.24685616951375	0.13696912465051558	0.03825	0.1084772208410025	0.08509053241156558	1
p.(S12K)	missense	S	K	ph55	12	0.05250616580695	0.12578105068578943	0.3385	0.1084772208410025	0.08509053241156558	0
p.(S12L)	missense	S	L	ph55	12	-0.19626192453875	0.12827255978792987	0.06425	0.1084772208410025	0.08509053241156558	-0
p.(S12M)	missense	S	M	ph55	12	0.69543690025	0.13599680842167797	0	0.1084772208410025	0.08509053241156558	1
p.(S12N)	missense	S	N	ph55	12	-0.0472102908318	0.13025325525171966	0.3555	0.1084772208410025	0.08509053241156558	-0
p.(S12P)	missense	S	P	ph55	12	0.027176244470975	0.1330885316922415	0.41725	0.1084772208410025	0.08509053241156558	0
p.(S12Q)	missense	S	Q	ph55	12	0.236436408945475	0.13514272277409062	0.0405	0.1084772208410025	0.08509053241156558	1
p.(S12R)	missense	S	R	ph55	12	0.07927147182319001	0.13817182998503572	0.283	0.1084772208410025	0.08509053241156558	0
p.(S12T)	missense	S	T	ph55	12	0.10293772534185	0.15809503512961132	0.2565	0.1084772208410025	0.08509053241156558	0
p.(S12V)	missense	S	V	ph55	12	0.547127138	0.13326678050275076	0	0.1084772208410025	0.08509053241156558	1
p.(S12W)	missense	S	W	ph55	12	0.71987819925	0.13694452554737782	0	0.1084772208410025	0.08509053241156558	1
p.(S12Y)	missense	S	Y	ph55	12	0.3278473047575	0.12843688531438036	0.005	0.1084772208410025	0.08509053241156558	1
p.(S12S)	synonymous	S	S	ph55	12	0.2782870133615	0.1374595821777445	0.0205	NA	NA	1
p.(C13del)	deletion	C	del0	ph55	13	-0.662269899	0.08685651524999806	0	-0.53297891975	0.05974582029904773	-1
p.(C13_T14del)	deletion	C	del1	ph55	13	-0.61635703975	0.10092500365285983	0	-0.53297891975	0.05974582029904773	-1
p.(C13_I15del)	deletion	C	del2	ph55	13	-0.65019416	0.0788644898758608	0	-0.53297891975	0.05974582029904773	-1
p.(C13_T14insG)	insertion	C	ins0	ph55	13	-0.05894559329825	0.15084111677285125	0.3475	-0.53297891975	0.05974582029904773	-0
p.(C13_T14insGS)	insertion	C	ins1	ph55	13	-0.2293538462103	0.10860583514470454	0.018	-0.53297891975	0.05974582029904773	-1
p.(C13_T14insGSG)	insertion	C	ins2	ph55	13	-0.268811597780025	0.12920979008885802	0.02525	-0.53297891975	0.05974582029904773	-1
p.(C13A)	missense	C	A	ph55	13	-0.6479564385	0.11124498409460888	0	-0.53297891975	0.05974582029904773	-1
p.(C13D)	missense	C	D	ph55	13	-0.613071366	0.11192269681360908	0	-0.53297891975	0.05974582029904773	-1
p.(C13E)	missense	C	E	ph55	13	-0.53249692025	0.11384031040040207	0	-0.53297891975	0.05974582029904773	-1
p.(C13F)	missense	C	F	ph55	13	-0.50806453275	0.12066910253696539	0	-0.53297891975	0.05974582029904773	-1
p.(C13G)	missense	C	G	ph55	13	-0.73905847625	0.09961836361167609	0	-0.53297891975	0.05974582029904773	-1
p.(C13H)	missense	C	H	ph55	13	-0.54965927775	0.09991090293836342	0	-0.53297891975	0.05974582029904773	-1
p.(C13I)	missense	C	I	ph55	13	-0.60984040975	0.11206786565747184	0	-0.53297891975	0.05974582029904773	-1
p.(C13K)	missense	C	K	ph55	13	-0.5574123525	0.11740926060733801	0	-0.53297891975	0.05974582029904773	-1
p.(C13L)	missense	C	L	ph55	13	-0.5924515805	0.10263249255317704	0	-0.53297891975	0.05974582029904773	-1
p.(C13M)	missense	C	M	ph55	13	-0.66025669325	0.10966218537176232	0	-0.53297891975	0.05974582029904773	-1
p.(C13N)	missense	C	N	ph55	13	-0.622185871	0.11425569648564446	0	-0.53297891975	0.05974582029904773	-1
p.(C13P)	missense	C	P	ph55	13	-0.6289243015	0.0961879109484386	0	-0.53297891975	0.05974582029904773	-1
p.(C13Q)	missense	C	Q	ph55	13	-0.48173507675	0.1185398614272101	0	-0.53297891975	0.05974582029904773	-1
p.(C13R)	missense	C	R	ph55	13	-0.569794592	0.08896820337987717	0	-0.53297891975	0.05974582029904773	-1
p.(C13S)	missense	C	S	ph55	13	-0.4544803522	0.12022473635200791	0	-0.53297891975	0.05974582029904773	-1
p.(C13T)	missense	C	T	ph55	13	-0.5418485405	0.10269787114151446	0	-0.53297891975	0.05974582029904773	-1
p.(C13V)	missense	C	V	ph55	13	-0.6482151505	0.09485643782777849	0	-0.53297891975	0.05974582029904773	-1
p.(C13W)	missense	C	W	ph55	13	-0.56067226025	0.12132666144791525	0	-0.53297891975	0.05974582029904773	-1
p.(C13Y)	missense	C	Y	ph55	13	-0.33887706822	0.10093187903551816	2.5e-4	-0.53297891975	0.05974582029904773	-1
p.(C13C)	synonymous	C	C	ph55	13	-0.14280536391575	0.12126750714502314	0.11075	NA	NA	-0
p.(T14del)	deletion	T	del0	ph55	14	-0.0494058872219	0.10142590803878575	0.32175	0.115287002242265	0.08110786908499394	-0
p.(T14_I15del)	deletion	T	del1	ph55	14	-0.53717125375	0.11743326490312199	0	0.115287002242265	0.08110786908499394	-1
p.(T14_D16del)	deletion	T	del2	ph55	14	-0.66329491375	0.08096679210008906	0	0.115287002242265	0.08110786908499394	-1
p.(T14_I15insG)	insertion	T	ins0	ph55	14	-0.11551934571905	0.11439524554211258	0.16325	0.115287002242265	0.08110786908499394	-0
p.(T14_I15insGS)	insertion	T	ins1	ph55	14	0.34776975971025	0.1423922423876015	0.0075	0.115287002242265	0.08110786908499394	1
p.(T14_I15insGSG)	insertion	T	ins2	ph55	14	-0.392180909455	0.12372393714725952	7.5e-4	0.115287002242265	0.08110786908499394	-1
p.(T14A)	missense	T	A	ph55	14	0.399693086305	0.12213048600821155	5e-4	0.115287002242265	0.08110786908499394	1
p.(T14C)	missense	T	C	ph55	14	0.4233328211	0.1122297562043028	0	0.115287002242265	0.08110786908499394	1
p.(T14D)	missense	T	D	ph55	14	0.490312614925	0.12085110340671597	0	0.115287002242265	0.08110786908499394	1
p.(T14E)	missense	T	E	ph55	14	0.064145712904475	0.1264463485844168	0.3065	0.115287002242265	0.08110786908499394	0
p.(T14F)	missense	T	F	ph55	14	0.13393059228874998	0.08372670060441784	0.0565	0.115287002242265	0.08110786908499394	0
p.(T14G)	missense	T	G	ph55	14	0.407949239	0.08146336110062803	0	0.115287002242265	0.08110786908499394	1
p.(T14H)	missense	T	H	ph55	14	0.230382801903	0.11813833856976798	0.027	0.115287002242265	0.08110786908499394	1
p.(T14I)	missense	T	I	ph55	14	0.49731046875	0.08928320803701767	0	0.115287002242265	0.08110786908499394	1
p.(T14K)	missense	T	K	ph55	14	0.298910931245	0.091064536859832	7.5e-4	0.115287002242265	0.08110786908499394	1
p.(T14L)	missense	T	L	ph55	14	0.123972169654975	0.1130029672206614	0.13325	0.115287002242265	0.08110786908499394	0
p.(T14M)	missense	T	M	ph55	14	-0.098330186533575	0.10860544636423423	0.185	0.115287002242265	0.08110786908499394	-0
p.(T14N)	missense	T	N	ph55	14	0.424268074275	0.11980579425590461	0	0.115287002242265	0.08110786908499394	1
p.(T14P)	missense	T	P	ph55	14	0.059805369321379996	0.11551005394024698	0.29675	0.115287002242265	0.08110786908499394	0
p.(T14Q)	missense	T	Q	ph55	14	0.048939997721575	0.13997846889638266	0.36025	0.115287002242265	0.08110786908499394	0
p.(T14R)	missense	T	R	ph55	14	0.12134523063695	0.12212493497849122	0.155	0.115287002242265	0.08110786908499394	0
p.(T14S)	missense	T	S	ph55	14	0.23208169754	0.1407530115966135	0.04975	0.115287002242265	0.08110786908499394	1
p.(T14V)	missense	T	V	ph55	14	0.2042242721845	0.13948335958780791	0.071	0.115287002242265	0.08110786908499394	0
p.(T14W)	missense	T	W	ph55	14	0.066223212513175	0.1003361510850918	0.253	0.115287002242265	0.08110786908499394	0
p.(T14Y)	missense	T	Y	ph55	14	0.07599815936045	0.19425110793104614	0.3485	0.115287002242265	0.08110786908499394	0
p.(T14T)	synonymous	T	T	ph55	14	0.143820620032335	0.12048145750579085	0.11775	NA	NA	0
p.(I15del)	deletion	I	del0	ph55	15	-0.5625206385	0.12043750654617341	0	-0.18753115912375	0.08256088132796878	-1
p.(I15_D16del)	deletion	I	del1	ph55	15	-0.52295622275	0.076007487560542	0	-0.18753115912375	0.08256088132796878	-1
p.(I15_H17del)	deletion	I	del2	ph55	15	-0.640434476	0.07998416152116915	0	-0.18753115912375	0.08256088132796878	-1
p.(I15_D16insGS)	insertion	I	ins1	ph55	15	0.527661242125	0.13856878136273523	2.5e-4	-0.18753115912375	0.08256088132796878	1
p.(I15_D16insGSG)	insertion	I	ins2	ph55	15	0.144050556409975	0.13492734467749185	0.14625	-0.18753115912375	0.08256088132796878	0
p.(I15A)	missense	I	A	ph55	15	0.238072967708675	0.1316254641692508	0.0325	-0.18753115912375	0.08256088132796878	1
p.(I15C)	missense	I	C	ph55	15	-0.081576714775775	0.12158812309574311	0.24675	-0.18753115912375	0.08256088132796878	-0
p.(I15D)	missense	I	D	ph55	15	-0.5751183515	0.10028145031420944	0	-0.18753115912375	0.08256088132796878	-1
p.(I15E)	missense	I	E	ph55	15	-0.669588421	0.10582567479650339	0	-0.18753115912375	0.08256088132796878	-1
p.(I15F)	missense	I	F	ph55	15	-0.47872704625	0.1111298161133162	0	-0.18753115912375	0.08256088132796878	-1
p.(I15G)	missense	I	G	ph55	15	-0.213369823562	0.12243255567322736	0.04025	-0.18753115912375	0.08256088132796878	-1
p.(I15H)	missense	I	H	ph55	15	-0.23296559827475	0.12126904995351837	0.0295	-0.18753115912375	0.08256088132796878	-1
p.(I15K)	missense	I	K	ph55	15	-0.38382804278	0.11360544402298127	2.5e-4	-0.18753115912375	0.08256088132796878	-1
p.(I15L)	missense	I	L	ph55	15	-0.30142786264225	0.12007721515795375	0.00525	-0.18753115912375	0.08256088132796878	-1
p.(I15M)	missense	I	M	ph55	15	-0.070978331123725	0.1125486686555658	0.26175	-0.18753115912375	0.08256088132796878	-0
p.(I15N)	missense	I	N	ph55	15	-0.18566497276555	0.1193668870569511	0.05775	-0.18753115912375	0.08256088132796878	-0
p.(I15P)	missense	I	P	ph55	15	0.13452966670067498	0.15425885486317575	0.192	-0.18753115912375	0.08256088132796878	0
p.(I15Q)	missense	I	Q	ph55	15	-0.123093856445675	0.12682631975369	0.16725	-0.18753115912375	0.08256088132796878	-0
p.(I15R)	missense	I	R	ph55	15	0.016721881497525	0.10651139994334606	0.43625	-0.18753115912375	0.08256088132796878	0
p.(I15S)	missense	I	S	ph55	15	-0.143711361318275	0.12771484282458387	0.12	-0.18753115912375	0.08256088132796878	-0
p.(I15T)	missense	I	T	ph55	15	0.02916951691547	0.1269221680272906	0.41175	-0.18753115912375	0.08256088132796878	0
p.(I15V)	missense	I	V	ph55	15	-0.084826459415125	0.12005719139009828	0.23025	-0.18753115912375	0.08256088132796878	-0
p.(I15W)	missense	I	W	ph55	15	-0.20459603623575	0.08251034792965256	0.00625	-0.18753115912375	0.08256088132796878	-1
p.(I15Y)	missense	I	Y	ph55	15	-0.14733361208945	0.10694547081814394	0.08575	-0.18753115912375	0.08256088132796878	-0
p.(I15I)	synonymous	I	I	ph55	15	0.078584030365575	0.10883964694904232	0.23775	NA	NA	0
p.(D16del)	deletion	D	del0	ph55	16	-0.57095640425	0.1104848758074081	0	0.01240252996683	0.07800576329620983	-1
p.(D16_H17del)	deletion	D	del1	ph55	16	-0.603847011	0.10263410799355287	0	0.01240252996683	0.07800576329620983	-1
p.(D16_T18del)	deletion	D	del2	ph55	16	-0.48849744275	0.10506796656011029	0	0.01240252996683	0.07800576329620983	-1
p.(D16_H17insG)	insertion	D	ins0	ph55	16	0.11884332438987501	0.13916731686222458	0.19075	0.01240252996683	0.07800576329620983	0
p.(D16_H17insGS)	insertion	D	ins1	ph55	16	-0.1509648937928325	0.12105846526475651	0.11325	0.01240252996683	0.07800576329620983	-0
p.(D16_H17insGSG)	insertion	D	ins2	ph55	16	0.013652738444177501	0.13287040491498295	0.44875	0.01240252996683	0.07800576329620983	0
p.(D16A)	missense	D	A	ph55	16	0.28288049373025	0.12991748833428862	0.0145	0.01240252996683	0.07800576329620983	1
p.(D16C)	missense	D	C	ph55	16	-0.04205713373605	0.08867889579528641	0.3105	0.01240252996683	0.07800576329620983	-0
p.(D16E)	missense	D	E	ph55	16	0.055061198644175	0.10959045628938277	0.30675	0.01240252996683	0.07800576329620983	0
p.(D16F)	missense	D	F	ph55	16	-0.028365841232150003	0.07767736431399726	0.36225	0.01240252996683	0.07800576329620983	-0
p.(D16G)	missense	D	G	ph55	16	-0.006866569125750005	0.12004998228552224	0.47975	0.01240252996683	0.07800576329620983	-0
p.(D16H)	missense	D	H	ph55	16	0.21710964878025	0.13755566625683469	0.05375	0.01240252996683	0.07800576329620983	0
p.(D16I)	missense	D	I	ph55	16	0.279634449753	0.10448028973377364	0.003	0.01240252996683	0.07800576329620983	1
p.(D16K)	missense	D	K	ph55	16	0.4421127975	0.08311456665027415	0	0.01240252996683	0.07800576329620983	1
p.(D16L)	missense	D	L	ph55	16	0.029344168298082503	0.12024730946542649	0.4015	0.01240252996683	0.07800576329620983	0
p.(D16M)	missense	D	M	ph55	16	0.330635388525	0.07187057390495347	0	0.01240252996683	0.07800576329620983	1
p.(D16N)	missense	D	N	ph55	16	0.05945213456875	0.09763627624038405	0.2695	0.01240252996683	0.07800576329620983	0
p.(D16P)	missense	D	P	ph55	16	0.21180879932675	0.12206524334754865	0.03975	0.01240252996683	0.07800576329620983	1
p.(D16Q)	missense	D	Q	ph55	16	-0.07976889067920001	0.10353018386887358	0.223	0.01240252996683	0.07800576329620983	-0
p.(D16R)	missense	D	R	ph55	16	0.041004989293225	0.11077387856850496	0.355	0.01240252996683	0.07800576329620983	0
p.(D16S)	missense	D	S	ph55	16	0.198538878243	0.10579226817605665	0.032	0.01240252996683	0.07800576329620983	1
p.(D16T)	missense	D	T	ph55	16	0.43923669412875	0.1255657528973145	2.5e-4	0.01240252996683	0.07800576329620983	1
p.(D16V)	missense	D	V	ph55	16	0.161086497098925	0.08716936033601036	0.03025	0.01240252996683	0.07800576329620983	1
p.(D16W)	missense	D	W	ph55	16	-0.49110143925	0.08334857480071949	0	0.01240252996683	0.07800576329620983	-1
p.(D16Y)	missense	D	Y	ph55	16	-0.1836645241125	0.10519224476556693	0.03825	0.01240252996683	0.07800576329620983	-1
p.(H17del)	deletion	H	del0	ph55	17	-0.54379633975	0.10777034038628876	0	-0.07616125829765	0.08255049964236548	-1
p.(H17_T18del)	deletion	H	del1	ph55	17	-0.605549382	0.09026569082510302	0	-0.07616125829765	0.08255049964236548	-1
p.(H17_I19del)	deletion	H	del2	ph55	17	-0.6623824155	0.08934921583034586	0	-0.07616125829765	0.08255049964236548	-1
p.(H17_T18insG)	insertion	H	ins0	ph55	17	-0.08772213822290001	0.10035242120196008	0.18675	-0.07616125829765	0.08255049964236548	-0
p.(H17_T18insGS)	insertion	H	ins1	ph55	17	0.113628630992	0.1266228003601358	0.17375	-0.07616125829765	0.08255049964236548	0
p.(H17_T18insGSG)	insertion	H	ins2	ph55	17	0.22743390199325	0.1329352846511994	0.04475	-0.07616125829765	0.08255049964236548	1
p.(H17A)	missense	H	A	ph55	17	-0.013378007455624993	0.12427945482066381	0.45575	-0.07616125829765	0.08255049964236548	-0
p.(H17C)	missense	H	C	ph55	17	-0.014159592727075001	0.0967240693376047	0.45175	-0.07616125829765	0.08255049964236548	-0
p.(H17D)	missense	H	D	ph55	17	-0.27066651936375	0.1230304368321395	0.0135	-0.07616125829765	0.08255049964236548	-1
p.(H17E)	missense	H	E	ph55	17	-0.27129967207375	0.13416238603956443	0.02025	-0.07616125829765	0.08255049964236548	-1
p.(H17F)	missense	H	F	ph55	17	-0.26294892057125	0.11693950745152511	0.01175	-0.07616125829765	0.08255049964236548	-1
p.(H17G)	missense	H	G	ph55	17	-0.14611601499725	0.15198861903660138	0.166	-0.07616125829765	0.08255049964236548	-0
p.(H17I)	missense	H	I	ph55	17	-0.010902179663425002	0.13788103087470657	0.47225	-0.07616125829765	0.08255049964236548	-0
p.(H17K)	missense	H	K	ph55	17	0.2039239049613	0.09253775176116245	0.0135	-0.07616125829765	0.08255049964236548	1
p.(H17L)	missense	H	L	ph55	17	-0.16229011269025	0.10886474811704674	0.06575	-0.07616125829765	0.08255049964236548	-0
p.(H17M)	missense	H	M	ph55	17	-0.55980812625	0.10936053780711162	0	-0.07616125829765	0.08255049964236548	-1
p.(H17N)	missense	H	N	ph55	17	-0.005420138175850002	0.12544231079348553	0.48775	-0.07616125829765	0.08255049964236548	-0
p.(H17P)	missense	H	P	ph55	17	0.27138744308199997	0.13639347747182048	0.01775	-0.07616125829765	0.08255049964236548	1
p.(H17Q)	missense	H	Q	ph55	17	0.051457646799025	0.10747217228646641	0.32275	-0.07616125829765	0.08255049964236548	0
p.(H17R)	missense	H	R	ph55	17	0.1838921762662	0.13331148883355237	0.08425	-0.07616125829765	0.08255049964236548	0
p.(H17S)	missense	H	S	ph55	17	0.197586487334	0.1324271458839868	0.06575	-0.07616125829765	0.08255049964236548	0
p.(H17T)	missense	H	T	ph55	17	0.338592140534	0.14211586813803417	0.0075	-0.07616125829765	0.08255049964236548	1
p.(H17V)	missense	H	V	ph55	17	0.037414746042377496	0.1273530189099646	0.37975	-0.07616125829765	0.08255049964236548	0
p.(H17W)	missense	H	W	ph55	17	-0.127881914705825	0.10557560522795376	0.10975	-0.07616125829765	0.08255049964236548	-0
p.(H17Y)	missense	H	Y	ph55	17	0.1594883217388	0.12400571438403826	0.0995	-0.07616125829765	0.08255049964236548	0
p.(T18del)	deletion	T	del0	ph55	18	-0.571769206	0.09958373325522255	0	0.08348740002600001	0.08483118123134403	-1
p.(T18_I19del)	deletion	T	del1	ph55	18	-0.467187591	0.12002709864234762	0	0.08348740002600001	0.08483118123134403	-1
p.(T18_I19insG)	insertion	T	ins0	ph55	18	0.26937159099075	0.1419626987002506	0.02725	0.08348740002600001	0.08483118123134403	1
p.(T18_I19insGS)	insertion	T	ins1	ph55	18	-0.04654702240265	0.1227130513889855	0.36425	0.08348740002600001	0.08483118123134403	-0
p.(T18_I19insGSG)	insertion	T	ins2	ph55	18	0.16039934028225	0.11422778687487062	0.0815	0.08348740002600001	0.08483118123134403	0
p.(T18A)	missense	T	A	ph55	18	0.316170687635	0.11366714025373066	0.00225	0.08348740002600001	0.08483118123134403	1
p.(T18C)	missense	T	C	ph55	18	-0.104900592658	0.12251648343572094	0.198	0.08348740002600001	0.08483118123134403	-0
p.(T18D)	missense	T	D	ph55	18	0.56552741477	0.16136330338790367	5e-4	0.08348740002600001	0.08483118123134403	1
p.(T18E)	missense	T	E	ph55	18	-0.2709266339425	0.1249811565887529	0.01175	0.08348740002600001	0.08483118123134403	-1
p.(T18F)	missense	T	F	ph55	18	0.38992046075	0.08616440361164748	0	0.08348740002600001	0.08483118123134403	1
p.(T18G)	missense	T	G	ph55	18	0.012360811153949998	0.15951239122978023	0.46425	0.08348740002600001	0.08483118123134403	0
p.(T18H)	missense	T	H	ph55	18	0.2417637605775	0.08008741869925134	0.0015	0.08348740002600001	0.08483118123134403	1
p.(T18I)	missense	T	I	ph55	18	0.14632827268569998	0.12315231578759808	0.12175	0.08348740002600001	0.08483118123134403	0
p.(T18K)	missense	T	K	ph55	18	-0.225637686998	0.12937074813423988	0.04025	0.08348740002600001	0.08483118123134403	-1
p.(T18L)	missense	T	L	ph55	18	0.46723210355	0.1141900214175281	0	0.08348740002600001	0.08483118123134403	1
p.(T18M)	missense	T	M	ph55	18	0.076532636510125	0.11810343736074436	0.2535	0.08348740002600001	0.08483118123134403	0
p.(T18N)	missense	T	N	ph55	18	0.187347261196	0.1378053714682099	0.088	0.08348740002600001	0.08483118123134403	0
p.(T18P)	missense	T	P	ph55	18	0.0032184540211	0.13024689936214365	0.48975	0.08348740002600001	0.08483118123134403	0
p.(T18Q)	missense	T	Q	ph55	18	0.049891910706722505	0.12814626715843408	0.3465	0.08348740002600001	0.08483118123134403	0
p.(T18R)	missense	T	R	ph55	18	0.10988422638275	0.11852195443423809	0.17	0.08348740002600001	0.08483118123134403	0
p.(T18S)	missense	T	S	ph55	18	0.034485368695425	0.12518357996692434	0.3935	0.08348740002600001	0.08483118123134403	0
p.(T18V)	missense	T	V	ph55	18	0.272827221086	0.14219099379300515	0.029	0.08348740002600001	0.08483118123134403	1
p.(T18W)	missense	T	W	ph55	18	0.35241882225	0.09870233809457472	0	0.08348740002600001	0.08483118123134403	1
p.(T18Y)	missense	T	Y	ph55	18	0.0769857251732	0.12189633792435578	0.26225	0.08348740002600001	0.08483118123134403	0
p.(T18T)	synonymous	T	T	ph55	18	-0.032728144729025	0.12489608891402167	0.40475	NA	NA	-0
p.(I19del)	deletion	I	del0	ph55	19	-0.61744083725	0.12380183318675592	0	-0.44918979675	0.05971885990814057	-1
p.(I19_H20del)	deletion	I	del1	ph55	19	-0.5112571035	0.0926661127436591	0	-0.44918979675	0.05971885990814057	-1
p.(I19_Q21del)	deletion	I	del2	ph55	19	-0.5471279575	0.10113754080832138	0	-0.44918979675	0.05971885990814057	-1
p.(I19_H20insG)	insertion	I	ins0	ph55	19	-0.462171820375	0.11437364502984784	0	-0.44918979675	0.05971885990814057	-1
p.(I19_H20insGS)	insertion	I	ins1	ph55	19	-0.396590554375	0.11044063409746596	2.5e-4	-0.44918979675	0.05971885990814057	-1
p.(I19_H20insGSG)	insertion	I	ins2	ph55	19	-0.62182541175	0.1059772886961426	0	-0.44918979675	0.05971885990814057	-1
p.(I19A)	missense	I	A	ph55	19	-0.47470479195	0.1118587627990872	0	-0.44918979675	0.05971885990814057	-1
p.(I19C)	missense	I	C	ph55	19	-0.62645020025	0.1014164061958249	0	-0.44918979675	0.05971885990814057	-1
p.(I19D)	missense	I	D	ph55	19	-0.70481072225	0.11931838541119681	0	-0.44918979675	0.05971885990814057	-1
p.(I19E)	missense	I	E	ph55	19	-0.3528098618175	0.11602687575338057	0.001	-0.44918979675	0.05971885990814057	-1
p.(I19F)	missense	I	F	ph55	19	-0.39143798736	0.10228398828224886	0	-0.44918979675	0.05971885990814057	-1
p.(I19G)	missense	I	G	ph55	19	-0.405563663575	0.09905665940460096	0	-0.44918979675	0.05971885990814057	-1
p.(I19H)	missense	I	H	ph55	19	-0.54516547925	0.09488950957786142	0	-0.44918979675	0.05971885990814057	-1
p.(I19K)	missense	I	K	ph55	19	-0.6455804625	0.08789207225773843	0	-0.44918979675	0.05971885990814057	-1
p.(I19L)	missense	I	L	ph55	19	-0.221605191413575	0.13459790380137404	0.05425	-0.44918979675	0.05971885990814057	-0
p.(I19M)	missense	I	M	ph55	19	-0.1540694151171	0.10251616111441636	0.06775	-0.44918979675	0.05971885990814057	-0
p.(I19N)	missense	I	N	ph55	19	-0.53194609575	0.10342249598490666	0	-0.44918979675	0.05971885990814057	-1
p.(I19P)	missense	I	P	ph55	19	-0.5225954665	0.06901058296050706	0	-0.44918979675	0.05971885990814057	-1
p.(I19Q)	missense	I	Q	ph55	19	-0.43606393125	0.11562417204578987	0	-0.44918979675	0.05971885990814057	-1
p.(I19R)	missense	I	R	ph55	19	-0.60847739325	0.09316594635815593	0	-0.44918979675	0.05971885990814057	-1
p.(I19S)	missense	I	S	ph55	19	-0.4958549735	0.10198486572962319	0	-0.44918979675	0.05971885990814057	-1
p.(I19T)	missense	I	T	ph55	19	-0.3156799752245	0.115215915344145	0.003	-0.44918979675	0.05971885990814057	-1
p.(I19V)	missense	I	V	ph55	19	-0.21985130402025	0.09936503338123784	0.0135	-0.44918979675	0.05971885990814057	-1
p.(I19W)	missense	I	W	ph55	19	-0.035613873274750005	0.08755782901094873	0.33925	-0.44918979675	0.05971885990814057	-0
p.(I19Y)	missense	I	Y	ph55	19	-0.4339017945	0.10207707483894074	0	-0.44918979675	0.05971885990814057	-1
p.(I19I)	synonymous	I	I	ph55	19	-0.1107906106164025	0.10983543329420745	0.15775	NA	NA	-0
p.(H20del)	deletion	H	del0	ph55	20	-0.59642743925	0.09053077548588581	0	-0.39416782125	0.06769669349446701	-1
p.(H20_Q21del)	deletion	H	del1	ph55	20	-0.52343467975	0.09474680297718899	0	-0.39416782125	0.06769669349446701	-1
p.(H20_T22del)	deletion	H	del2	ph55	20	-0.6399901765	0.08392831301525569	0	-0.39416782125	0.06769669349446701	-1
p.(H20_Q21insG)	insertion	H	ins0	ph55	20	-0.57506249775	0.11282419834905673	0	-0.39416782125	0.06769669349446701	-1
p.(H20_Q21insGS)	insertion	H	ins1	ph55	20	-0.64826421825	0.10728187841984056	0	-0.39416782125	0.06769669349446701	-1
p.(H20_Q21insGSG)	insertion	H	ins2	ph55	20	-0.36813053856	0.12935013548290855	0.00225	-0.39416782125	0.06769669349446701	-1
p.(H20A)	missense	H	A	ph55	20	-0.51848781074999994	0.07888653141800403	0	-0.39416782125	0.06769669349446701	-1
p.(H20C)	missense	H	C	ph55	20	-0.55337934825	0.09259752241894215	0	-0.39416782125	0.06769669349446701	-1
p.(H20D)	missense	H	D	ph55	20	-0.3685407152875	0.12132926862599165	5e-4	-0.39416782125	0.06769669349446701	-1
p.(H20E)	missense	H	E	ph55	20	-0.35677738884	0.09406338489263752	5e-4	-0.39416782125	0.06769669349446701	-1
p.(H20F)	missense	H	F	ph55	20	-0.3454796505035	0.12030585233629461	0.00275	-0.39416782125	0.06769669349446701	-1
p.(H20G)	missense	H	G	ph55	20	-0.471119426425	0.1145104544221372	0	-0.39416782125	0.06769669349446701	-1
p.(H20I)	missense	H	I	ph55	20	-0.415310920475	0.08226413874039382	0	-0.39416782125	0.06769669349446701	-1
p.(H20K)	missense	H	K	ph55	20	0.2426267564425	0.11632348136232346	0.02075	-0.39416782125	0.06769669349446701	1
p.(H20L)	missense	H	L	ph55	20	-0.4745912505	0.0797092377037321	0	-0.39416782125	0.06769669349446701	-1
p.(H20M)	missense	H	M	ph55	20	-0.5031039585	0.058447845847014054	0	-0.39416782125	0.06769669349446701	-1
p.(H20N)	missense	H	N	ph55	20	-0.302413737935	0.11824948040384768	0.0055	-0.39416782125	0.06769669349446701	-1
p.(H20P)	missense	H	P	ph55	20	-0.6041156655	0.1071879374982438	0	-0.39416782125	0.06769669349446701	-1
p.(H20Q)	missense	H	Q	ph55	20	-0.16432799458125	0.09882067586653535	0.0475	-0.39416782125	0.06769669349446701	-1
p.(H20R)	missense	H	R	ph55	20	0.21422947763375	0.14311047482559988	0.0675	-0.39416782125	0.06769669349446701	0
p.(H20S)	missense	H	S	ph55	20	-0.199904783026	0.10365635632891448	0.02775	-0.39416782125	0.06769669349446701	-1
p.(H20T)	missense	H	T	ph55	20	-0.47574717125	0.09416830646648112	0	-0.39416782125	0.06769669349446701	-1
p.(H20V)	missense	H	V	ph55	20	-0.37859894735	0.10651149102743301	0	-0.39416782125	0.06769669349446701	-1
p.(H20W)	missense	H	W	ph55	20	-0.414826742425	0.08308805319748212	0	-0.39416782125	0.06769669349446701	-1
p.(H20Y)	missense	H	Y	ph55	20	-0.41666309625	0.07642290890771856	0	-0.39416782125	0.06769669349446701	-1
p.(Q21del)	deletion	Q	del0	ph55	21	-0.454515553	0.09612831557780287	0	-0.147174310083725	0.07542445368677898	-1
p.(Q21_T22del)	deletion	Q	del1	ph55	21	-0.33345100259	0.11772451319496455	0.003	-0.147174310083725	0.07542445368677898	-1
p.(Q21_L23del)	deletion	Q	del2	ph55	21	-0.472581336175	0.11673084812211824	0	-0.147174310083725	0.07542445368677898	-1
p.(Q21_T22insG)	insertion	Q	ins0	ph55	21	-0.57494562425	0.1108222961592796	0	-0.147174310083725	0.07542445368677898	-1
p.(Q21_T22insGS)	insertion	Q	ins1	ph55	21	-0.53892415075	0.11217574039827195	0	-0.147174310083725	0.07542445368677898	-1
p.(Q21_T22insGSG)	insertion	Q	ins2	ph55	21	-0.2751700348745	0.1170587432629738	0.00725	-0.147174310083725	0.07542445368677898	-1
p.(Q21A)	missense	Q	A	ph55	21	0.07520544708875	0.11718722927119836	0.257	-0.147174310083725	0.07542445368677898	0
p.(Q21C)	missense	Q	C	ph55	21	-0.1169383229739	0.12093876368245937	0.16175	-0.147174310083725	0.07542445368677898	-0
p.(Q21D)	missense	Q	D	ph55	21	0.1718961181682	0.14666344677723211	0.115	-0.147174310083725	0.07542445368677898	0
p.(Q21E)	missense	Q	E	ph55	21	0.26950474288475	0.13680946970976599	0.02275	-0.147174310083725	0.07542445368677898	1
p.(Q21F)	missense	Q	F	ph55	21	-0.143026977257825	0.11302056972892213	0.09825	-0.147174310083725	0.07542445368677898	-0
p.(Q21G)	missense	Q	G	ph55	21	-0.011516504356775	0.11661012577109287	0.46575	-0.147174310083725	0.07542445368677898	-0
p.(Q21H)	missense	Q	H	ph55	21	0.49349111125	0.09854196212420735	0	-0.147174310083725	0.07542445368677898	1
p.(Q21I)	missense	Q	I	ph55	21	-0.106631370270075	0.1287328122489983	0.20725	-0.147174310083725	0.07542445368677898	-0
p.(Q21K)	missense	Q	K	ph55	21	-0.489845164	0.085621430470219	0	-0.147174310083725	0.07542445368677898	-1
p.(Q21L)	missense	Q	L	ph55	21	0.085134371574	0.11049957170884239	0.21975	-0.147174310083725	0.07542445368677898	0
p.(Q21M)	missense	Q	M	ph55	21	-0.035323506279075004	0.11830569695274505	0.39	-0.147174310083725	0.07542445368677898	-0
p.(Q21N)	missense	Q	N	ph55	21	-0.15891063166795	0.13207499258158575	0.11075	-0.147174310083725	0.07542445368677898	-0
p.(Q21P)	missense	Q	P	ph55	21	-0.449415913675	0.11532881196076834	0	-0.147174310083725	0.07542445368677898	-1
p.(Q21R)	missense	Q	R	ph55	21	-0.078536132292275	0.12060326172574559	0.254	-0.147174310083725	0.07542445368677898	-0
p.(Q21S)	missense	Q	S	ph55	21	-0.140190352988825	0.11850210519932176	0.1165	-0.147174310083725	0.07542445368677898	-0
p.(Q21T)	missense	Q	T	ph55	21	-0.13133983292375	0.12465110104280747	0.151	-0.147174310083725	0.07542445368677898	-0
p.(Q21V)	missense	Q	V	ph55	21	0.1343141623149175	0.15282314044469714	0.1895	-0.147174310083725	0.07542445368677898	0
p.(Q21W)	missense	Q	W	ph55	21	-0.105827649320275	0.10868636040827966	0.159	-0.147174310083725	0.07542445368677898	-0
p.(Q21Y)	missense	Q	Y	ph55	21	-0.330279813775	0.11894714341592806	0.0015	-0.147174310083725	0.07542445368677898	-1
