variant	type	wildtype	mutation	exp	position	effect	effect_se	lfsr	discovery05
p.(G2del)	deletion	G	del0	ph55	2	-0.193073178513025	0.2954172395590215	0.2265	-0
p.(G2_N3del)	deletion	G	del1	ph55	2	0.44841209136	0.2950764198489648	0.0525	0
p.(G2_I4del)	deletion	G	del2	ph55	2	0.24474597678975	0.28492784588524805	0.18775	0
p.(G2_N3insG)	insertion	G	ins0	ph55	2	0.32448616207525	0.2860652627062574	0.11725	0
p.(G2_N3insGS)	insertion	G	ins1	ph55	2	0.07644818333061248	0.28358122332681984	0.4075	0
p.(G2A)	missense	G	A	ph55	2	0.07087612594664251	0.29760982728718616	0.42125	0
p.(G2C)	missense	G	C	ph55	2	0.318383773890625	0.2888332259223511	0.126	0
p.(G2D)	missense	G	D	ph55	2	-0.0285010770409	0.28050897343059644	0.436	-0
p.(G2E)	missense	G	E	ph55	2	-0.03491172592474999	0.2800682946845484	0.4255	-0
p.(G2F)	missense	G	F	ph55	2	0.2309908253162	0.2957353741381452	0.21825	0
p.(G2H)	missense	G	H	ph55	2	0.47736036249635	0.2951410918497907	0.03975	1
p.(G2I)	missense	G	I	ph55	2	-0.005116718150149997	0.2930033951137224	0.47925	-0
p.(G2K)	missense	G	K	ph55	2	0.423542817078125	0.28699083562331673	0.0585	0
p.(G2L)	missense	G	L	ph55	2	0.2123299609706	0.2852531346962808	0.21875	0
p.(G2M)	missense	G	M	ph55	2	-0.2563654528045	0.2961124183119792	0.18175	-0
p.(G2N)	missense	G	N	ph55	2	0.026755432666432502	0.28706386296688596	0.4825	0
p.(G2P)	missense	G	P	ph55	2	0.1496172232833	0.2992258991416209	0.30275	0
p.(G2Q)	missense	G	Q	ph55	2	0.344334925891525	0.28777630063583437	0.10325	0
p.(G2R)	missense	G	R	ph55	2	0.589226630137	0.3039627768535887	0.02025	1
p.(G2S)	missense	G	S	ph55	2	0.1656391184397225	0.28736767751491155	0.28525	0
p.(G2T)	missense	G	T	ph55	2	0.10268192178087501	0.29851547811743	0.381	0
p.(G2V)	missense	G	V	ph55	2	0.135811548939425	0.29284492483779445	0.32275	0
p.(G2W)	missense	G	W	ph55	2	0.22914718249524998	0.2814031783029252	0.1995	0
p.(G2Y)	missense	G	Y	ph55	2	0.15463972577865	0.30012357767803494	0.3095	0
p.(G2G)	synonymous	G	G	ph55	2	0.05464320692139999	0.2817038200056959	0.481	0
p.(N3del)	deletion	N	del0	ph55	3	0.3034394379257625	0.29602916136404545	0.14025	0
p.(N3_I4del)	deletion	N	del1	ph55	3	0.14777219344467502	0.30654137474129506	0.32	0
p.(N3_T5del)	deletion	N	del2	ph55	3	0.11075412746765	0.27577939218432207	0.355	0
p.(N3_I4insG)	insertion	N	ins0	ph55	3	-0.024468738419149996	0.2905724499369529	0.4335	-0
p.(N3_I4insGS)	insertion	N	ins1	ph55	3	-0.34202269361735	0.2767379284372138	0.1025	-0
p.(N3_I4insGSG)	insertion	N	ins2	ph55	3	0.200589210834725	0.3252941809118147	0.26725	0
p.(N3A)	missense	N	A	ph55	3	0.041925436855524995	0.28256944294173836	0.46575	0
p.(N3C)	missense	N	C	ph55	3	-0.015686179432024997	0.29095735232980047	0.459	-0
p.(N3D)	missense	N	D	ph55	3	-0.02070731559922499	0.29112144122912303	0.44875	-0
p.(N3E)	missense	N	E	ph55	3	0.16824206236395	0.3016938405095233	0.2875	0
p.(N3F)	missense	N	F	ph55	3	0.45651069041095	0.29575425763290136	0.053	0
p.(N3G)	missense	N	G	ph55	3	0.21063736743949998	0.28819880721271174	0.23375	0
p.(N3H)	missense	N	H	ph55	3	0.110401260895025	0.28945130218018306	0.35625	0
p.(N3I)	missense	N	I	ph55	3	-0.2089369635391	0.2867588936041955	0.20925	-0
p.(N3K)	missense	N	K	ph55	3	-0.077029940143125	0.2901763878514505	0.36625	-0
p.(N3L)	missense	N	L	ph55	3	-0.10595009794167501	0.2903123052530083	0.326	-0
p.(N3M)	missense	N	M	ph55	3	0.058972828404349996	0.2959459327246708	0.44375	0
p.(N3P)	missense	N	P	ph55	3	-0.30482095325775	0.2916897310494865	0.13825	-0
p.(N3Q)	missense	N	Q	ph55	3	-0.11434385173621252	0.2853902819820574	0.32275	-0
p.(N3R)	missense	N	R	ph55	3	0.050151109770525	0.28771093943371034	0.45525	0
p.(N3S)	missense	N	S	ph55	3	-0.30300425288145	0.29954826040660154	0.1445	-0
p.(N3T)	missense	N	T	ph55	3	-0.1894659117634	0.2851694559505409	0.23175	-0
p.(N3V)	missense	N	V	ph55	3	0.15948848877347502	0.3014254836974743	0.30175	0
p.(N3W)	missense	N	W	ph55	3	0.0891058423591	0.2799988776737773	0.3865	0
p.(N3Y)	missense	N	Y	ph55	3	0.061924637367174996	0.29750359438662566	0.433	0
p.(N3N)	synonymous	N	N	ph55	3	-0.220028249730575	0.2802157324395807	0.23475	-0
p.(I4del)	deletion	I	del0	ph55	4	-0.413300238687525	0.2787047458930635	0.0785	-0
p.(I4_T5del)	deletion	I	del1	ph55	4	0.11208984207855	0.3024509216392067	0.361	0
p.(I4_A6del)	deletion	I	del2	ph55	4	0.03865391202700001	0.28657457950537607	0.474	0
p.(I4_T5insG)	insertion	I	ins0	ph55	4	0.099715316226625	0.2891679931731168	0.37625	0
p.(I4_T5insGS)	insertion	I	ins1	ph55	4	-0.1795872137111	0.29298707060105034	0.24325	-0
p.(I4_T5insGSG)	insertion	I	ins2	ph55	4	-0.146821995064925	0.28883038299325703	0.28275	-0
p.(I4A)	missense	I	A	ph55	4	-0.105246688061775	0.2884242931552511	0.329	-0
p.(I4C)	missense	I	C	ph55	4	-0.020237636189749986	0.29258082820944165	0.46125	-0
p.(I4D)	missense	I	D	ph55	4	0.539027821717025	0.29988943880133706	0.026	1
p.(I4E)	missense	I	E	ph55	4	0.100923694612375	0.28389343458893984	0.36775	0
p.(I4F)	missense	I	F	ph55	4	-0.133949024421475	0.28851138735642884	0.28725	-0
p.(I4G)	missense	I	G	ph55	4	0.323289296124625	0.2870780827852379	0.1185	0
p.(I4H)	missense	I	H	ph55	4	0.008592366449100003	0.2843893848568433	0.4885	0
p.(I4K)	missense	I	K	ph55	4	0.27761600756485	0.287040765753947	0.16025	0
p.(I4L)	missense	I	L	ph55	4	0.136369594241425	0.29352211637587705	0.334	0
p.(I4M)	missense	I	M	ph55	4	0.381158587686375	0.2914305986306563	0.08625	0
p.(I4N)	missense	I	N	ph55	4	0.39150403373285	0.2805057314668027	0.07325	0
p.(I4P)	missense	I	P	ph55	4	-0.20359272027842498	0.28757130680029913	0.21675	-0
p.(I4Q)	missense	I	Q	ph55	4	0.139862745654775	0.2825163198929999	0.30975	0
p.(I4R)	missense	I	R	ph55	4	0.27152358288532497	0.29914005794697784	0.169	0
p.(I4S)	missense	I	S	ph55	4	0.42565025268445	0.29251519458599884	0.06075	0
p.(I4T)	missense	I	T	ph55	4	0.03742518505583751	0.29134915684660345	0.47125	0
p.(I4V)	missense	I	V	ph55	4	-0.102884473062375	0.2902440312389093	0.337	-0
p.(I4W)	missense	I	W	ph55	4	-0.370022944628125	0.28057123874652395	0.09	-0
p.(I4Y)	missense	I	Y	ph55	4	0.29427861769905	0.3010632274067717	0.15775	0
p.(T5del)	deletion	T	del0	ph55	5	-0.027878365815250005	0.3078554149614218	0.43875	-0
p.(T5_A6del)	deletion	T	del1	ph55	5	0.169555968165675	0.30321299258178086	0.28725	0
p.(T5_D7del)	deletion	T	del2	ph55	5	-0.2713913056761	0.29282452301638584	0.16425	-0
p.(T5_A6insG)	insertion	T	ins0	ph55	5	0.018966512218825	0.2972746136076431	0.49	0
p.(T5_A6insGS)	insertion	T	ins1	ph55	5	-0.16502351865325	0.26762386159268237	0.23575	-0
p.(T5_A6insGSG)	insertion	T	ins2	ph55	5	0.245660873311175	0.30699530365088123	0.20775	0
p.(T5A)	missense	T	A	ph55	5	0.102511379476075	0.2944604030927252	0.38	0
p.(T5C)	missense	T	C	ph55	5	0.12631103442375	0.2939950401495981	0.33425	0
p.(T5D)	missense	T	D	ph55	5	0.377341386708375	0.29451523151352504	0.08725	0
p.(T5E)	missense	T	E	ph55	5	0.0948485669791	0.2866763959820233	0.382	0
p.(T5F)	missense	T	F	ph55	5	0.318754624198425	0.31059405405241336	0.1475	0
p.(T5G)	missense	T	G	ph55	5	0.11701741021609074	0.2874695671017221	0.35125	0
p.(T5H)	missense	T	H	ph55	5	-0.362829394388	0.2953546369803374	0.1075	-0
p.(T5I)	missense	T	I	ph55	5	0.30629945992515	0.2914731438413458	0.1345	0
p.(T5K)	missense	T	K	ph55	5	-0.112473384476	0.29211727745967436	0.31525	-0
p.(T5L)	missense	T	L	ph55	5	-0.2491129944901	0.3010754688733546	0.187	-0
p.(T5M)	missense	T	M	ph55	5	0.011226017445874998	0.29429112722827255	0.49375	0
p.(T5N)	missense	T	N	ph55	5	-0.06087733355362502	0.2938573258098187	0.3895	-0
p.(T5P)	missense	T	P	ph55	5	-0.135547088340675	0.2870669903203608	0.2815	-0
p.(T5Q)	missense	T	Q	ph55	5	0.681671411278525	0.3054952559592335	0.008	1
p.(T5R)	missense	T	R	ph55	5	0.540869670149675	0.28425443057228905	0.0225	1
p.(T5S)	missense	T	S	ph55	5	0.019349413025799993	0.28317982285888854	0.49	0
p.(T5V)	missense	T	V	ph55	5	-0.06903862202569	0.292290278730659	0.37425	-0
p.(T5W)	missense	T	W	ph55	5	0.05085533716482501	0.28490041068969446	0.44325	0
p.(T5Y)	missense	T	Y	ph55	5	-0.15085966279745	0.28629161075707205	0.27475	-0
p.(T5T)	synonymous	T	T	ph55	5	0.3384495904575	0.29213089245507795	0.161	0
p.(A6del)	deletion	A	del0	ph55	6	-0.007195421452612496	0.2860694060487429	0.46125	-0
p.(A6_D7del)	deletion	A	del1	ph55	6	0.53452000387275	0.27761902508882436	0.01725	1
p.(A6_N8del)	deletion	A	del2	ph55	6	0.0774499571548525	0.2784463938632087	0.404	0
p.(A6_D7insG)	insertion	A	ins0	ph55	6	0.333065493697	0.2867506595211822	0.1185	0
p.(A6_D7insGS)	insertion	A	ins1	ph55	6	-0.036786747342099996	0.28320594728627935	0.42275	-0
p.(A6_D7insGSG)	insertion	A	ins2	ph55	6	0.13123675369325	0.29599152333003925	0.3275	0
p.(A6C)	missense	A	C	ph55	6	0.2832411078004	0.2910633629938495	0.1575	0
p.(A6D)	missense	A	D	ph55	6	-0.07758019709127499	0.2843218855210173	0.356	-0
p.(A6E)	missense	A	E	ph55	6	0.030113781844275	0.28043570488887587	0.46875	0
p.(A6F)	missense	A	F	ph55	6	-0.00865809322339001	0.29211013007321607	0.468	-0
p.(A6G)	missense	A	G	ph55	6	-0.22141840913425	0.27574009351946027	0.19175	-0
p.(A6H)	missense	A	H	ph55	6	0.12290906626372501	0.29657927465066397	0.3485	0
p.(A6I)	missense	A	I	ph55	6	0.09210854753999999	0.2906873286906156	0.38825	0
p.(A6K)	missense	A	K	ph55	6	0.286448134521875	0.2894869931839495	0.15575	0
p.(A6L)	missense	A	L	ph55	6	-0.174176093737875	0.28971036363467056	0.24575	-0
p.(A6M)	missense	A	M	ph55	6	0.011863316042674992	0.28428688113877604	0.49525	0
p.(A6N)	missense	A	N	ph55	6	-0.1631462601478875	0.28426847805382033	0.255	-0
p.(A6P)	missense	A	P	ph55	6	0.083033883801375	0.2865642450115777	0.4005	0
p.(A6Q)	missense	A	Q	ph55	6	0.1071085811045	0.29276239000279447	0.35675	0
p.(A6R)	missense	A	R	ph55	6	0.190292900463375	0.28947090572303524	0.258	0
p.(A6S)	missense	A	S	ph55	6	-0.3443033716756	0.2758672596199291	0.10125	-0
p.(A6T)	missense	A	T	ph55	6	0.7117849234479	0.30593914240195935	0.00475	1
p.(A6V)	missense	A	V	ph55	6	0.32582546906075	0.27287604216084926	0.10525	0
p.(A6W)	missense	A	W	ph55	6	0.388295464330975	0.30687221501677125	0.088	0
p.(A6Y)	missense	A	Y	ph55	6	-0.09486435923789	0.2821211721609999	0.338	-0
p.(D7del)	deletion	D	del0	ph55	7	-0.03789161656874999	0.2883877965549865	0.42975	-0
p.(D7_N8del)	deletion	D	del1	ph55	7	0.055620129199047505	0.2925072198677134	0.438	0
p.(D7_S9del)	deletion	D	del2	ph55	7	0.0016616667405499848	0.2903983266945244	0.47175	0
p.(D7_N8insG)	insertion	D	ins0	ph55	7	0.397142988418	0.2922827384340529	0.0715	0
p.(D7_N8insGS)	insertion	D	ins1	ph55	7	0.216316338468975	0.30019165380779705	0.23175	0
p.(D7_N8insGSG)	insertion	D	ins2	ph55	7	0.80129248527385	0.31080912337355404	0.002	1
p.(D7A)	missense	D	A	ph55	7	0.12706330151455	0.3007295621781025	0.34625	0
p.(D7C)	missense	D	C	ph55	7	-0.026593170722849994	0.28562364673242413	0.4425	-0
p.(D7E)	missense	D	E	ph55	7	-0.07089712724222501	0.2969059592804315	0.38275	-0
p.(D7F)	missense	D	F	ph55	7	0.349191688227275	0.28884608593083716	0.1065	0
p.(D7G)	missense	D	G	ph55	7	0.27847122755	0.293594601135166	0.16825	0
p.(D7H)	missense	D	H	ph55	7	0.0566719893099625	0.2999725783150185	0.44025	0
p.(D7I)	missense	D	I	ph55	7	0.1610404003141	0.30272205506212885	0.2965	0
p.(D7K)	missense	D	K	ph55	7	-0.141664718472725	0.29203448191809117	0.28725	-0
p.(D7L)	missense	D	L	ph55	7	-0.183725487641	0.29878329075775684	0.24425	-0
p.(D7M)	missense	D	M	ph55	7	0.685629490605825	0.29476806037418474	0.00575	1
p.(D7N)	missense	D	N	ph55	7	-0.1690244252422	0.27327055292064345	0.23175	-0
p.(D7P)	missense	D	P	ph55	7	0.3273632103908	0.2986906087084392	0.133	0
p.(D7Q)	missense	D	Q	ph55	7	0.961859986103575	0.31417692318364954	7.5e-4	1
p.(D7R)	missense	D	R	ph55	7	0.235611779255	0.3026427078138096	0.21625	0
p.(D7S)	missense	D	S	ph55	7	0.310611747108625	0.2804978816994533	0.123	0
p.(D7T)	missense	D	T	ph55	7	0.342747649083275	0.2978940250138594	0.114	0
p.(D7V)	missense	D	V	ph55	7	0.3762560023731	0.2932902832137237	0.09125	0
p.(D7W)	missense	D	W	ph55	7	0.09836586579735	0.30014015126906624	0.3855	0
p.(D7Y)	missense	D	Y	ph55	7	-0.03276992235324999	0.28573902105682275	0.41775	-0
p.(D7D)	synonymous	D	D	ph55	7	0.16668203962929998	0.27555606826270446	0.3175	0
p.(N8del)	deletion	N	del0	ph55	8	-0.011306146918699994	0.28421513379632724	0.4515	-0
p.(N8_S9del)	deletion	N	del1	ph55	8	-0.12636295970015	0.28658451661770007	0.304	-0
p.(N8_S10del)	deletion	N	del2	ph55	8	0.266250581981675	0.2910007827126388	0.176	0
p.(N8_S9insG)	insertion	N	ins0	ph55	8	-0.006507255561550007	0.27804725111171297	0.46625	-0
p.(N8_S9insGS)	insertion	N	ins1	ph55	8	-0.138392793944375	0.29488496859498015	0.2925	-0
p.(N8_S9insGSG)	insertion	N	ins2	ph55	8	-0.13055665251100002	0.28824608323050455	0.298	-0
p.(N8A)	missense	N	A	ph55	8	0.569375920797975	0.30403466348528213	0.02175	1
p.(N8C)	missense	N	C	ph55	8	-0.1843112266969	0.29923954690028765	0.24675	-0
p.(N8D)	missense	N	D	ph55	8	0.069450572639565	0.29396760709318176	0.41425	0
p.(N8F)	missense	N	F	ph55	8	0.4271230213708125	0.3003589950061868	0.0695	0
p.(N8G)	missense	N	G	ph55	8	-0.3252940776415	0.29527142378480686	0.12625	-0
p.(N8H)	missense	N	H	ph55	8	-0.170844349522975	0.2847349453571956	0.245	-0
p.(N8I)	missense	N	I	ph55	8	-0.14478411492930002	0.2839428809138801	0.27825	-0
p.(N8K)	missense	N	K	ph55	8	0.15324277942215	0.2981869391331628	0.3035	0
p.(N8L)	missense	N	L	ph55	8	0.32140972750375	0.3104298826717378	0.142	0
p.(N8M)	missense	N	M	ph55	8	-0.10132629816194999	0.29512363849237433	0.33675	-0
p.(N8P)	missense	N	P	ph55	8	0.2868233233501	0.29981879167812064	0.15825	0
p.(N8Q)	missense	N	Q	ph55	8	-0.08851890194915	0.2894420185105307	0.35025	-0
p.(N8R)	missense	N	R	ph55	8	-0.160016792195875	0.3009174145335281	0.26925	-0
p.(N8S)	missense	N	S	ph55	8	0.787719834375	0.29350581897011435	0.00175	1
p.(N8T)	missense	N	T	ph55	8	-0.3102524994855	0.2778363445937178	0.12625	-0
p.(N8V)	missense	N	V	ph55	8	-0.321225921775325	0.2731322270679813	0.111	-0
p.(N8W)	missense	N	W	ph55	8	-0.07692943501380001	0.287021753519972	0.35925	-0
p.(N8Y)	missense	N	Y	ph55	8	-0.07954114266562501	0.28602044468806564	0.3625	-0
p.(S9del)	deletion	S	del0	ph55	9	0.25569181390815	0.29047131993255954	0.183	0
p.(S9_S10del)	deletion	S	del1	ph55	9	0.14266422083889999	0.2913635650246126	0.3175	0
p.(S9_M11del)	deletion	S	del2	ph55	9	0.0534033376159625	0.2764511369907977	0.443	0
p.(S9_S10insG)	insertion	S	ins0	ph55	9	0.008296378682782499	0.2932638710798899	0.48925	0
p.(S9_S10insGS)	insertion	S	ins1	ph55	9	-0.173718414378125	0.28380555120743717	0.24825	-0
p.(S9_S10insGSG)	insertion	S	ins2	ph55	9	0.007476161633979993	0.2978240751667212	0.49075	0
p.(S9A)	missense	S	A	ph55	9	-0.341161026845475	0.2854252223841423	0.11575	-0
p.(S9C)	missense	S	C	ph55	9	-0.037311911102750006	0.2975688354043444	0.42475	-0
p.(S9D)	missense	S	D	ph55	9	-0.164415424434625	0.28655840337952	0.25725	-0
p.(S9E)	missense	S	E	ph55	9	-0.031135983149275005	0.2875376391939127	0.4175	-0
p.(S9F)	missense	S	F	ph55	9	-0.08919602292475	0.27908918480940437	0.345	-0
p.(S9G)	missense	S	G	ph55	9	0.084647586978475	0.3092952749640193	0.40025	0
p.(S9H)	missense	S	H	ph55	9	-0.262499320829525	0.30812183649132374	0.17975	-0
p.(S9I)	missense	S	I	ph55	9	0.2785723457387	0.29882074033529615	0.16675	0
p.(S9K)	missense	S	K	ph55	9	0.0978438451917	0.27796082838633823	0.36675	0
p.(S9L)	missense	S	L	ph55	9	0.258742719372525	0.29812747854301025	0.18025	0
p.(S9M)	missense	S	M	ph55	9	0.08742459157283498	0.29506101170342186	0.38775	0
p.(S9N)	missense	S	N	ph55	9	0.487593737660375	0.2860756922918745	0.035	1
p.(S9P)	missense	S	P	ph55	9	0.2237532210518	0.3022985702718906	0.22025	0
p.(S9Q)	missense	S	Q	ph55	9	0.028428151908875002	0.3016553832961552	0.4775	0
p.(S9R)	missense	S	R	ph55	9	0.27087148722685	0.2819518677647321	0.164	0
p.(S9T)	missense	S	T	ph55	9	-0.040294146026775	0.3103727710853622	0.436	-0
p.(S9V)	missense	S	V	ph55	9	0.130966971500075	0.2766535113425886	0.325	0
p.(S9W)	missense	S	W	ph55	9	0.0215776783079	0.3068702273193761	0.49775	0
p.(S9Y)	missense	S	Y	ph55	9	0.675583182438475	0.299480032018923	0.0085	1
p.(S9S)	synonymous	S	S	ph55	9	-0.54564762654975	0.2959200022346921	0.0885	-0
p.(S10_M11del)	deletion	S	del1	ph55	10	0.15510426269175	0.29630101819073396	0.30325	0
p.(S10_M11insG)	insertion	S	ins0	ph55	10	0.16075841487225	0.2825321008859963	0.284	0
p.(S10_M11insGSG)	insertion	S	ins2	ph55	10	0.601043233978475	0.28285280593546347	0.01125	1
p.(S10A)	missense	S	A	ph55	10	0.5080556990574	0.32364985433361626	0.0465	1
p.(S10C)	missense	S	C	ph55	10	-0.23321114305225	0.27747595718793094	0.17575	-0
p.(S10D)	missense	S	D	ph55	10	0.135912975751575	0.3033956694928688	0.32675	0
p.(S10E)	missense	S	E	ph55	10	0.0638405986725	0.29019753103211143	0.429	0
p.(S10F)	missense	S	F	ph55	10	-0.24234857186050002	0.28036392589944176	0.17475	-0
p.(S10G)	missense	S	G	ph55	10	-0.05290201973392499	0.28110325027606164	0.39125	-0
p.(S10H)	missense	S	H	ph55	10	0.3033248669934	0.2970853786901368	0.15225	0
p.(S10I)	missense	S	I	ph55	10	0.14995424022120002	0.2858297711709191	0.3055	0
p.(S10K)	missense	S	K	ph55	10	0.4505473639919	0.30100345737246786	0.05275	0
p.(S10L)	missense	S	L	ph55	10	-0.32147718736437497	0.30521549857917374	0.142	-0
p.(S10M)	missense	S	M	ph55	10	-0.06048588549231251	0.2994542018976345	0.39475	-0
p.(S10N)	missense	S	N	ph55	10	-0.22939212556665	0.27983598765169704	0.18575	-0
p.(S10P)	missense	S	P	ph55	10	-0.1615646064680075	0.2739626964769987	0.2525	-0
p.(S10Q)	missense	S	Q	ph55	10	-0.407687806310575	0.2823842716481099	0.0795	-0
p.(S10R)	missense	S	R	ph55	10	0.238499714622225	0.29062905039053444	0.2025	0
p.(S10T)	missense	S	T	ph55	10	0.005951815204024999	0.288043168362099	0.47775	0
p.(S10V)	missense	S	V	ph55	10	0.2483312878752625	0.30143796661594824	0.201	0
p.(S10W)	missense	S	W	ph55	10	0.658554577739525	0.31089361140614263	0.0115	1
p.(S10Y)	missense	S	Y	ph55	10	0.1195284250620175	0.2800663669589613	0.3435	0
p.(S10S)	synonymous	S	S	ph55	10	0.026236846341375006	0.2744037335517604	0.52925	0
p.(M11del)	deletion	M	del0	ph55	11	0.19000014300275	0.2781446152498099	0.24275	0
p.(M11_C13del)	deletion	M	del2	ph55	11	-0.62426024057025	0.27303652067480694	0.0285	-1
p.(M11_S12insG)	insertion	M	ins0	ph55	11	0.6082088561945125	0.28242311746537196	0.00925	1
p.(M11_S12insGS)	insertion	M	ins1	ph55	11	0.1415097465043	0.28162343577098603	0.311	0
p.(M11_S12insGSG)	insertion	M	ins2	ph55	11	0.2344673143102375	0.30186987998323433	0.2155	0
p.(M11A)	missense	M	A	ph55	11	0.06016609815092501	0.30545753660874697	0.43475	0
p.(M11C)	missense	M	C	ph55	11	0.011714748695102513	0.29230926486335795	0.48675	0
p.(M11D)	missense	M	D	ph55	11	0.165625067235625	0.30324847623744167	0.29225	0
p.(M11E)	missense	M	E	ph55	11	0.05977159586747499	0.29566698137053155	0.44175	0
p.(M11F)	missense	M	F	ph55	11	0.361967580918325	0.3025713736582807	0.10225	0
p.(M11G)	missense	M	G	ph55	11	0.107356061445075	0.29274074705475267	0.35575	0
p.(M11H)	missense	M	H	ph55	11	-0.196404082049	0.2826609168886176	0.22025	-0
p.(M11I)	missense	M	I	ph55	11	0.24224105185225	0.2845328915125115	0.19175	0
p.(M11K)	missense	M	K	ph55	11	-0.15522653256330002	0.29727207235694736	0.274	-0
p.(M11L)	missense	M	L	ph55	11	0.18395347676951251	0.29571696906275674	0.271	0
p.(M11N)	missense	M	N	ph55	11	0.1223066513863	0.28705796170673226	0.34075	0
p.(M11P)	missense	M	P	ph55	11	-0.0990663895622	0.2974400030931462	0.33525	-0
p.(M11Q)	missense	M	Q	ph55	11	0.33176647081925	0.28709049613812415	0.11025	0
p.(M11R)	missense	M	R	ph55	11	0.054811737117325	0.2995427534082073	0.4455	0
p.(M11S)	missense	M	S	ph55	11	-0.11339753048965	0.32185812756345056	0.34425	-0
p.(M11T)	missense	M	T	ph55	11	-0.08658013535435	0.29229714395889633	0.35825	-0
p.(M11V)	missense	M	V	ph55	11	0.02118462438537499	0.28907952346189886	0.492	0
p.(M11W)	missense	M	W	ph55	11	0.23901789794785	0.29397446156264173	0.20225	0
p.(M11Y)	missense	M	Y	ph55	11	0.318850807217275	0.2856035012264375	0.118	0
p.(S12del)	deletion	S	del0	ph55	12	-0.011816157294249991	0.2778273605650809	0.4575	-0
p.(S12_C13del)	deletion	S	del1	ph55	12	-0.818277535320625	0.28021982453394173	0.00525	-1
p.(S12_T14del)	deletion	S	del2	ph55	12	-0.596139013033275	0.27424498334469694	0.029	-1
p.(S12_C13insG)	insertion	S	ins0	ph55	12	0.23733287815735	0.29185792072316347	0.207	0
p.(S12_C13insGS)	insertion	S	ins1	ph55	12	0.11737614806301251	0.3058575491997066	0.36075	0
p.(S12_C13insGSG)	insertion	S	ins2	ph55	12	0.037988132854124994	0.284023008397113	0.472	0
p.(S12A)	missense	S	A	ph55	12	0.1149655420871	0.2912893734307449	0.3565	0
p.(S12C)	missense	S	C	ph55	12	0.004333805185299998	0.3009298897121316	0.48775	0
p.(S12D)	missense	S	D	ph55	12	0.1848776578021	0.3000346282397135	0.272	0
p.(S12E)	missense	S	E	ph55	12	-0.147575127376125	0.28127362156755126	0.27475	-0
p.(S12F)	missense	S	F	ph55	12	0.27513803245824997	0.2833848973665059	0.1535	0
p.(S12G)	missense	S	G	ph55	12	0.1670555435017625	0.2774611874800746	0.2765	0
p.(S12H)	missense	S	H	ph55	12	0.18856658821705	0.28043008512930373	0.245	0
p.(S12I)	missense	S	I	ph55	12	0.26506340269425	0.296237002597264	0.18175	0
p.(S12K)	missense	S	K	ph55	12	0.038853572004825	0.2891491250731823	0.4715	0
p.(S12L)	missense	S	L	ph55	12	-0.240117874674625	0.28931827460091974	0.18725	-0
p.(S12M)	missense	S	M	ph55	12	0.78618614545285	0.29609068446618797	5e-4	1
p.(S12N)	missense	S	N	ph55	12	-0.07132744421182502	0.29069116563752073	0.3775	-0
p.(S12P)	missense	S	P	ph55	12	0.015593337759224996	0.29085978777822497	0.49575	0
p.(S12Q)	missense	S	Q	ph55	12	0.249271833394025	0.291721866921037	0.19225	0
p.(S12R)	missense	S	R	ph55	12	0.070016268659725	0.3015430225788593	0.43175	0
p.(S12T)	missense	S	T	ph55	12	0.09434441139225001	0.3149666976057246	0.391	0
p.(S12V)	missense	S	V	ph55	12	0.60671768940315	0.2947933772911454	0.0115	1
p.(S12W)	missense	S	W	ph55	12	0.79986529267225	0.3010537020151155	0.001	1
p.(S12Y)	missense	S	Y	ph55	12	0.358313705520225	0.29194666428870686	0.09625	0
p.(S12S)	synonymous	S	S	ph55	12	0.27565307351	0.28988059919906134	0.20675	0
p.(C13del)	deletion	C	del0	ph55	13	-0.69511331889295	0.2731025493718598	0.0175	-1
p.(C13_T14del)	deletion	C	del1	ph55	13	-0.643733703706275	0.2736024552096047	0.01925	-1
p.(C13_I15del)	deletion	C	del2	ph55	13	-0.668885928760125	0.2709667212424514	0.01975	-1
p.(C13_T14insG)	insertion	C	ins0	ph55	13	0.217615078040575	0.30340197351843484	0.23425	0
p.(C13_T14insGS)	insertion	C	ins1	ph55	13	-0.1459883056984945	0.27741849422785897	0.27	-0
p.(C13_T14insGSG)	insertion	C	ins2	ph55	13	-0.1324918720442	0.29391724331532443	0.308	-0
p.(C13A)	missense	C	A	ph55	13	-0.691225044405725	0.2894458713403636	0.0205	-1
p.(C13D)	missense	C	D	ph55	13	-0.64249283661915	0.2849341608853432	0.02275	-1
p.(C13E)	missense	C	E	ph55	13	-0.535717688469725	0.2902578213824392	0.047	-1
p.(C13F)	missense	C	F	ph55	13	-0.499246658200575	0.2935994746083408	0.05475	-0
p.(C13G)	missense	C	G	ph55	13	-0.7903207594524875	0.2791070517035711	0.00925	-1
p.(C13H)	missense	C	H	ph55	13	-0.559048654865575	0.28710935234749146	0.04175	-1
p.(C13I)	missense	C	I	ph55	13	-0.63735612693345	0.2894801125325624	0.02775	-1
p.(C13K)	missense	C	K	ph55	13	-0.5711471466819	0.2929175558394935	0.0405	-1
p.(C13L)	missense	C	L	ph55	13	-0.612650680323	0.2785215415831663	0.0305	-1
p.(C13M)	missense	C	M	ph55	13	-0.703460046712625	0.2855265691194167	0.01875	-1
p.(C13N)	missense	C	N	ph55	13	-0.66162178544175	0.2873994548801481	0.02525	-1
p.(C13P)	missense	C	P	ph55	13	-0.6607363499444	0.2811716556675296	0.02075	-1
p.(C13Q)	missense	C	Q	ph55	13	-0.445335976590875	0.29362228134739926	0.0705	-0
p.(C13R)	missense	C	R	ph55	13	-0.579814508184725	0.27139250603698023	0.034	-1
p.(C13S)	missense	C	S	ph55	13	-0.424988043511625	0.29198076496526815	0.07675	-0
p.(C13T)	missense	C	T	ph55	13	-0.5442004058651501	0.2778505104195605	0.0425	-1
p.(C13V)	missense	C	V	ph55	13	-0.6806555221239	0.2805052217038845	0.018	-1
p.(C13W)	missense	C	W	ph55	13	-0.56746823118265	0.29266039658660215	0.04025	-1
p.(C13Y)	missense	C	Y	ph55	13	-0.295366559274975	0.2798449231943742	0.1385	-0
p.(C13C)	synonymous	C	C	ph55	13	-0.1522264584309875	0.28227793777979715	0.3145	-0
p.(T14del)	deletion	T	del0	ph55	14	-0.061964147640799994	0.28292094390426	0.3835	-0
p.(T14_I15del)	deletion	T	del1	ph55	14	-0.608609996289475	0.284595079560852	0.029	-1
p.(T14_D16del)	deletion	T	del2	ph55	14	-0.7099997829246	0.2684957895999547	0.01275	-1
p.(T14_I15insG)	insertion	T	ins0	ph55	14	-0.14176302218463752	0.2825265156923188	0.277	-0
p.(T14_I15insGS)	insertion	T	ins1	ph55	14	0.3773774290155	0.29941298847690284	0.09275	0
p.(T14_I15insGSG)	insertion	T	ins2	ph55	14	-0.4662222112152	0.28969012584538106	0.0695	-0
p.(T14A)	missense	T	A	ph55	14	0.44121632096575003	0.2937676425204816	0.0535	0
p.(T14C)	missense	T	C	ph55	14	0.451678645732075	0.2825771501698726	0.0485	1
p.(T14D)	missense	T	D	ph55	14	0.52777222683575	0.2822571142692117	0.02	1
p.(T14E)	missense	T	E	ph55	14	0.054339441648640005	0.2887114828410898	0.448	0
p.(T14F)	missense	T	F	ph55	14	0.1272301661175	0.26661023234673525	0.32	0
p.(T14G)	missense	T	G	ph55	14	0.416474950713025	0.27000216081347966	0.05225	0
p.(T14H)	missense	T	H	ph55	14	0.2466097467940875	0.278793838708436	0.18125	0
p.(T14I)	missense	T	I	ph55	14	0.519241945584	0.2714822673492056	0.01925	1
p.(T14K)	missense	T	K	ph55	14	0.3097936607094875	0.27445400669554476	0.11575	0
p.(T14L)	missense	T	L	ph55	14	0.122001188264	0.2839151836442697	0.34575	0
p.(T14M)	missense	T	M	ph55	14	-0.12216039545129999	0.2759202792140839	0.30625	-0
p.(T14N)	missense	T	N	ph55	14	0.45784151619775	0.2864638191515352	0.0425	1
p.(T14P)	missense	T	P	ph55	14	0.04746191410824999	0.2838467948402673	0.4515	0
p.(T14Q)	missense	T	Q	ph55	14	0.033680072522149995	0.29168789975302645	0.474	0
p.(T14R)	missense	T	R	ph55	14	0.1158281189562	0.2859138193016102	0.3465	0
p.(T14S)	missense	T	S	ph55	14	0.257013990693475	0.300301011486298	0.18825	0
p.(T14V)	missense	T	V	ph55	14	0.2215480955506	0.3028886073444156	0.23325	0
p.(T14W)	missense	T	W	ph55	14	0.06283331669797501	0.28199752173170967	0.432	0
p.(T14Y)	missense	T	Y	ph55	14	0.05179039269792499	0.3367669793456259	0.4505	0
p.(T14T)	synonymous	T	T	ph55	14	0.148420753217375	0.28760806244290704	0.34875	0
p.(I15del)	deletion	I	del0	ph55	15	-0.613009382404975	0.28509826111137965	0.03	-1
p.(I15_D16del)	deletion	I	del1	ph55	15	-0.543181620805475	0.270874617131792	0.042	-1
p.(I15_H17del)	deletion	I	del2	ph55	15	-0.67433194220125	0.26912737431173095	0.01875	-1
p.(I15_D16insGS)	insertion	I	ins1	ph55	15	0.656160177908975	0.29643508720297546	0.00775	1
p.(I15_D16insGSG)	insertion	I	ins2	ph55	15	0.19672141438285	0.29474627608553383	0.25125	0
p.(I15A)	missense	I	A	ph55	15	0.295208075535	0.2954794409151775	0.14825	0
p.(I15C)	missense	I	C	ph55	15	-0.0761467771088	0.2826020908245049	0.37425	-0
p.(I15D)	missense	I	D	ph55	15	-0.608244496702725	0.2834617821310075	0.031	-1
p.(I15E)	missense	I	E	ph55	15	-0.71578007431525	0.2807455320134786	0.0125	-1
p.(I15F)	missense	I	F	ph55	15	-0.5114242880004	0.28590393590382035	0.055	-0
p.(I15G)	missense	I	G	ph55	15	-0.22444264919175	0.2924479281464683	0.202	-0
p.(I15H)	missense	I	H	ph55	15	-0.2457782368765825	0.29006857267534364	0.17475	-0
p.(I15K)	missense	I	K	ph55	15	-0.40858183251165	0.28156259360355845	0.08	-0
p.(I15L)	missense	I	L	ph55	15	-0.3140466982525	0.2892406993505022	0.13175	-0
p.(I15M)	missense	I	M	ph55	15	-0.062478859277700007	0.28088594959683577	0.38775	-0
p.(I15N)	missense	I	N	ph55	15	-0.1909312463354	0.2897011948174909	0.2295	-0
p.(I15P)	missense	I	P	ph55	15	0.2117263593076	0.3072719124597779	0.24025	0
p.(I15Q)	missense	I	Q	ph55	15	-0.11495134277130001	0.28678659892723146	0.31575	-0
p.(I15R)	missense	I	R	ph55	15	0.03452446757769999	0.28113689630947736	0.47175	0
p.(I15S)	missense	I	S	ph55	15	-0.1422755482932	0.2906584078028606	0.29075	-0
p.(I15T)	missense	I	T	ph55	15	0.058172984850899986	0.2947881359580561	0.437	0
p.(I15V)	missense	I	V	ph55	15	-0.079223091327625	0.2851252236757676	0.36375	-0
p.(I15W)	missense	I	W	ph55	15	-0.2033107355379875	0.2768694531754078	0.203	-0
p.(I15Y)	missense	I	Y	ph55	15	-0.14802580467937498	0.2797409897952067	0.26675	-0
p.(I15I)	synonymous	I	I	ph55	15	0.07959581135604998	0.27210324300179267	0.4495	0
p.(D16del)	deletion	D	del0	ph55	16	-0.62977590244825	0.27914641129436235	0.025	-1
p.(D16_H17del)	deletion	D	del1	ph55	16	-0.655820022593325	0.28316197455011194	0.024	-1
p.(D16_T18del)	deletion	D	del2	ph55	16	-0.5460988609559	0.27498579464681727	0.04	-1
p.(D16_H17insG)	insertion	D	ins0	ph55	16	0.13272311366705	0.2989922187284537	0.33	0
p.(D16_H17insGS)	insertion	D	ins1	ph55	16	-0.173122890594275	0.290775271594808	0.24275	-0
p.(D16_H17insGSG)	insertion	D	ins2	ph55	16	0.008903571531674991	0.2971432723322521	0.494	0
p.(D16A)	missense	D	A	ph55	16	0.3205055935755	0.28825750871588224	0.12025	0
p.(D16C)	missense	D	C	ph55	16	-0.04566405550765	0.27512999644878583	0.40675	-0
p.(D16E)	missense	D	E	ph55	16	0.05929860918649999	0.2799265896172355	0.432	0
p.(D16F)	missense	D	F	ph55	16	-0.033747126173122505	0.2682157366294462	0.4125	-0
p.(D16G)	missense	D	G	ph55	16	-0.019110346824125	0.29248979179490403	0.45475	-0
p.(D16H)	missense	D	H	ph55	16	0.244793481986775	0.29926377374838614	0.19925	0
p.(D16I)	missense	D	I	ph55	16	0.304880440250625	0.28419295406342776	0.1315	0
p.(D16K)	missense	D	K	ph55	16	0.466350566876625	0.2683906542883902	0.03075	1
p.(D16L)	missense	D	L	ph55	16	0.0278976221944125	0.28296587676957285	0.4805	0
p.(D16M)	missense	D	M	ph55	16	0.334871582495	0.26694098273535544	0.08875	0
p.(D16N)	missense	D	N	ph55	16	0.05475896534210001	0.27556100494722857	0.44275	0
p.(D16P)	missense	D	P	ph55	16	0.239486139596875	0.2873525935039754	0.19775	0
p.(D16Q)	missense	D	Q	ph55	16	-0.09660243018035	0.2755656512258909	0.34775	-0
p.(D16R)	missense	D	R	ph55	16	0.04098179564385	0.28125184519254265	0.4725	0
p.(D16S)	missense	D	S	ph55	16	0.21196728926525	0.28612684854986437	0.2205	0
p.(D16T)	missense	D	T	ph55	16	0.50099456920935	0.2866700686092121	0.02875	1
p.(D16V)	missense	D	V	ph55	16	0.16299669699205	0.2697289238241912	0.27925	0
p.(D16W)	missense	D	W	ph55	16	-0.52753283213085	0.2745446537662242	0.052	-0
p.(D16Y)	missense	D	Y	ph55	16	-0.2015782739515	0.28111458107734427	0.207	-0
p.(H17del)	deletion	H	del0	ph55	17	-0.594496335180975	0.28356966485034146	0.03125	-1
p.(H17_T18del)	deletion	H	del1	ph55	17	-0.646191664951975	0.27026067974203616	0.0225	-1
p.(H17_I19del)	deletion	H	del2	ph55	17	-0.7060921095692749	0.2722898473007233	0.01525	-1
p.(H17_T18insG)	insertion	H	ins0	ph55	17	-0.092430800679425	0.27476055799730825	0.335	-0
p.(H17_T18insGS)	insertion	H	ins1	ph55	17	0.1434998884665875	0.287908718706039	0.31675	0
p.(H17_T18insGSG)	insertion	H	ins2	ph55	17	0.279855853413975	0.2921108502910506	0.15075	0
p.(H17A)	missense	H	A	ph55	17	-0.008364554031460756	0.2880439374032898	0.4615	-0
p.(H17C)	missense	H	C	ph55	17	-0.01479958336819499	0.2782072370942423	0.4565	-0
p.(H17D)	missense	H	D	ph55	17	-0.31012452101439253	0.29059728107784827	0.1315	-0
p.(H17E)	missense	H	E	ph55	17	-0.3093004776104	0.290930497528256	0.14075	-0
p.(H17F)	missense	H	F	ph55	17	-0.29748253443315	0.2837261136692265	0.138	-0
p.(H17G)	missense	H	G	ph55	17	-0.17674321961965	0.30539248928909	0.26225	-0
p.(H17I)	missense	H	I	ph55	17	0.007069861631249995	0.29733898740522546	0.4945	0
p.(H17K)	missense	H	K	ph55	17	0.229014045486875	0.2767684237996531	0.19375	0
p.(H17L)	missense	H	L	ph55	17	-0.177444201661075	0.27806705354344563	0.23575	-0
p.(H17M)	missense	H	M	ph55	17	-0.608778046803975	0.2781930507748529	0.0335	-1
p.(H17N)	missense	H	N	ph55	17	0.002988697432875001	0.2937516331757991	0.479	0
p.(H17P)	missense	H	P	ph55	17	0.33385179185402497	0.2947251793491912	0.12475	0
p.(H17Q)	missense	H	Q	ph55	17	0.058377486051125	0.27502248106670546	0.429	0
p.(H17R)	missense	H	R	ph55	17	0.23141985170552498	0.2879322725343558	0.20825	0
p.(H17S)	missense	H	S	ph55	17	0.235624997318075	0.28990239676761487	0.207	0
p.(H17T)	missense	H	T	ph55	17	0.4091116184348875	0.2955497858067993	0.0735	0
p.(H17V)	missense	H	V	ph55	17	0.0568563491349375	0.29651982967853086	0.43775	0
p.(H17W)	missense	H	W	ph55	17	-0.135809829926225	0.2785324608098542	0.27825	-0
p.(H17Y)	missense	H	Y	ph55	17	0.189879605558	0.28935236180716817	0.26075	0
p.(T18del)	deletion	T	del0	ph55	18	-0.63461243655525	0.2743788754868057	0.024	-1
p.(T18_I19del)	deletion	T	del1	ph55	18	-0.5538528497319	0.29072423341043185	0.04325	-1
p.(T18_I19insG)	insertion	T	ins0	ph55	18	0.30421993995475	0.29939888838148104	0.14875	0
p.(T18_I19insGS)	insertion	T	ins1	ph55	18	-0.06937665073869999	0.2936129150758182	0.37025	-0
p.(T18_I19insGSG)	insertion	T	ins2	ph55	18	0.167170705706675	0.28914172198191085	0.2815	0
p.(T18A)	missense	T	A	ph55	18	0.34040113353325	0.28061121521600435	0.10225	0
p.(T18C)	missense	T	C	ph55	18	-0.140757957717675	0.2834683908187923	0.292	-0
p.(T18D)	missense	T	D	ph55	18	0.682229709542225	0.30777102228944736	0.009	1
p.(T18E)	missense	T	E	ph55	18	-0.332009471509075	0.2885163591433562	0.12275	-0
p.(T18F)	missense	T	F	ph55	18	0.400287965231425	0.27216304905704236	0.06025	0
p.(T18G)	missense	T	G	ph55	18	-0.005247905140650003	0.3095561974016159	0.4765	-0
p.(T18H)	missense	T	H	ph55	18	0.2451640081955	0.27161369873757285	0.17425	0
p.(T18I)	missense	T	I	ph55	18	0.155914301219375	0.2875289190647161	0.28725	0
p.(T18K)	missense	T	K	ph55	18	-0.28705534993955	0.2866204840197789	0.144	-0
p.(T18L)	missense	T	L	ph55	18	0.515906332151775	0.2896878797414966	0.0245	1
p.(T18M)	missense	T	M	ph55	18	0.07009238140207501	0.28675376798736485	0.41675	0
p.(T18N)	missense	T	N	ph55	18	0.20660729460225	0.2951231576885809	0.245	0
p.(T18P)	missense	T	P	ph55	18	-0.021344020250550003	0.29651365204905666	0.4475	-0
p.(T18Q)	missense	T	Q	ph55	18	0.04315625818905	0.29082674067018244	0.4695	0
p.(T18R)	missense	T	R	ph55	18	0.0969526789441765	0.28188802120430134	0.37825	0
p.(T18S)	missense	T	S	ph55	18	0.022364309572149996	0.2862167917990264	0.494	0
p.(T18V)	missense	T	V	ph55	18	0.3074956003775	0.30815754255170313	0.14575	0
p.(T18W)	missense	T	W	ph55	18	0.379820654411825	0.2740806807483176	0.07125	0
p.(T18Y)	missense	T	Y	ph55	18	0.07495809747865	0.2935094241742727	0.41325	0
p.(T18T)	synonymous	T	T	ph55	18	-0.04191346661955	0.2819688673078992	0.4525	-0
p.(I19del)	deletion	I	del0	ph55	19	-0.6987479152739	0.29853698772703663	0.019	-1
p.(I19_H20del)	deletion	I	del1	ph55	19	-0.530861356827775	0.27264976882382597	0.041	-1
p.(I19_Q21del)	deletion	I	del2	ph55	19	-0.5692700962494	0.27810592580641763	0.038	-1
p.(I19_H20insG)	insertion	I	ins0	ph55	19	-0.46074274898665	0.28679716139771394	0.06725	-0
p.(I19_H20insGS)	insertion	I	ins1	ph55	19	-0.383241780383475	0.28348460115927054	0.08775	-0
p.(I19_H20insGSG)	insertion	I	ins2	ph55	19	-0.6746881382292	0.28563272130942374	0.022	-1
p.(I19A)	missense	I	A	ph55	19	-0.4903856981944	0.2848167373653914	0.055	-0
p.(I19C)	missense	I	C	ph55	19	-0.675303724858875	0.2856282072057684	0.02175	-1
p.(I19D)	missense	I	D	ph55	19	-0.802138792531375	0.28912676051819935	0.008	-1
p.(I19E)	missense	I	E	ph55	19	-0.305350539850725	0.2903112821844772	0.141	-0
p.(I19F)	missense	I	F	ph55	19	-0.379428210863275	0.2768535861769841	0.09225	-0
p.(I19G)	missense	I	G	ph55	19	-0.400211921733575	0.27767487922040746	0.08225	-0
p.(I19H)	missense	I	H	ph55	19	-0.56711954624425	0.2734193023464068	0.0355	-1
p.(I19K)	missense	I	K	ph55	19	-0.68667476060575	0.26675026506081945	0.017	-1
p.(I19L)	missense	I	L	ph55	19	-0.10129291018634	0.30135468933691184	0.34425	-0
p.(I19M)	missense	I	M	ph55	19	-0.07675090584502499	0.2843489383967258	0.36275	-0
p.(I19N)	missense	I	N	ph55	19	-0.55452721913945	0.2811642530601902	0.0415	-1
p.(I19P)	missense	I	P	ph55	19	-0.525483289730975	0.26458282326559535	0.0475	-1
p.(I19Q)	missense	I	Q	ph55	19	-0.430287256103325	0.29109808723079	0.0725	-0
p.(I19R)	missense	I	R	ph55	19	-0.638403526287475	0.2749667408461228	0.0255	-1
p.(I19S)	missense	I	S	ph55	19	-0.506436245621425	0.28375496140946393	0.05325	-0
p.(I19T)	missense	I	T	ph55	19	-0.269826295667675	0.29365807970537455	0.16525	-0
p.(I19V)	missense	I	V	ph55	19	-0.1692485774098	0.2798380831342961	0.24325	-0
p.(I19W)	missense	I	W	ph55	19	0.0206138655487	0.2733545136909371	0.49	0
p.(I19Y)	missense	I	Y	ph55	19	-0.4356210752159	0.2824297863143241	0.06875	-0
p.(I19I)	synonymous	I	I	ph55	19	-0.11873060586645	0.2734229804217779	0.3465	-0
p.(H20del)	deletion	H	del0	ph55	20	-0.62304271983325	0.27399710430729723	0.02425	-1
p.(H20_Q21del)	deletion	H	del1	ph55	20	-0.545790391786	0.2769945722239931	0.0465	-1
p.(H20_T22del)	deletion	H	del2	ph55	20	-0.6680457317027125	0.2751648753256073	0.01925	-1
p.(H20_Q21insG)	insertion	H	ins0	ph55	20	-0.622032745349225	0.284169218959154	0.02725	-1
p.(H20_Q21insGS)	insertion	H	ins1	ph55	20	-0.700262663285725	0.28017035190149736	0.017	-1
p.(H20_Q21insGSG)	insertion	H	ins2	ph55	20	-0.363879552309175	0.30133869747417585	0.114	-0
p.(H20A)	missense	H	A	ph55	20	-0.5303377951318625	0.26599015197550946	0.04275	-1
p.(H20C)	missense	H	C	ph55	20	-0.576717558809475	0.27287784126127723	0.03375	-1
p.(H20D)	missense	H	D	ph55	20	-0.37051954919019997	0.2935923172518306	0.101	-0
p.(H20E)	missense	H	E	ph55	20	-0.35800533484825	0.27511580301349076	0.0945	-0
p.(H20F)	missense	H	F	ph55	20	-0.32914271578615	0.2884316586018366	0.1215	-0
p.(H20G)	missense	H	G	ph55	20	-0.489207212800375	0.28859959677267544	0.0595	-0
p.(H20I)	missense	H	I	ph55	20	-0.419247626816175	0.2764726980476738	0.0785	-0
p.(H20K)	missense	H	K	ph55	20	0.35838704832985	0.28517520375710653	0.08925	0
p.(H20L)	missense	H	L	ph55	20	-0.4888784972971	0.2635178745391855	0.049	-1
p.(H20M)	missense	H	M	ph55	20	-0.51070232114	0.2626157939612496	0.044	-1
p.(H20N)	missense	H	N	ph55	20	-0.282665416582475	0.28633510125923006	0.14225	-0
p.(H20P)	missense	H	P	ph55	20	-0.64034825958075	0.28174526356678425	0.0235	-1
p.(H20Q)	missense	H	Q	ph55	20	-0.14236692004342752	0.2726098852945846	0.271	-0
p.(H20R)	missense	H	R	ph55	20	0.3902039441485	0.2961637399336547	0.0885	0
p.(H20S)	missense	H	S	ph55	20	-0.161496121598975	0.278661387524146	0.2505	-0
p.(H20T)	missense	H	T	ph55	20	-0.48898132776569997	0.27943539299585596	0.0545	-0
p.(H20V)	missense	H	V	ph55	20	-0.38214064341135	0.28442647485082995	0.0925	-0
p.(H20W)	missense	H	W	ph55	20	-0.4158356976655	0.2748913754334058	0.07825	-0
p.(H20Y)	missense	H	Y	ph55	20	-0.418139792658775	0.2701425537466505	0.076	-0
p.(Q21del)	deletion	Q	del0	ph55	21	-0.4790648357262	0.27898293401095986	0.0595	-0
p.(Q21_T22del)	deletion	Q	del1	ph55	21	-0.3680939254381125	0.2885614916916955	0.10375	-0
p.(Q21_L23del)	deletion	Q	del2	ph55	21	-0.51742055809475	0.28819244509421416	0.05125	-0
p.(Q21_T22insG)	insertion	Q	ins0	ph55	21	-0.641401648732875	0.2819693405224547	0.02775	-1
p.(Q21_T22insGS)	insertion	Q	ins1	ph55	21	-0.59314203260815	0.2911682764878837	0.03775	-1
p.(Q21_T22insGSG)	insertion	Q	ins2	ph55	21	-0.288086130463175	0.2880654231651712	0.14925	-0
p.(Q21A)	missense	Q	A	ph55	21	0.09899538406837499	0.2819043782097995	0.3655	0
p.(Q21C)	missense	Q	C	ph55	21	-0.112994880969925	0.2855379890873534	0.321	-0
p.(Q21D)	missense	Q	D	ph55	21	0.255204660233475	0.3026965128367173	0.1935	0
p.(Q21E)	missense	Q	E	ph55	21	0.35925062671819996	0.2967874021531393	0.10625	0
p.(Q21F)	missense	Q	F	ph55	21	-0.14929270377195	0.2814460531625957	0.267	-0
p.(Q21G)	missense	Q	G	ph55	21	0.005029611153012498	0.2864014895557918	0.48875	0
p.(Q21H)	missense	Q	H	ph55	21	0.54857644483455	0.27764866811717387	0.01575	1
p.(Q21I)	missense	Q	I	ph55	21	-0.11143951627352501	0.289882804754724	0.31575	-0
p.(Q21K)	missense	Q	K	ph55	21	-0.5134121558722125	0.27564843869600103	0.05175	-0
p.(Q21L)	missense	Q	L	ph55	21	0.11428012994070001	0.2803114189319575	0.3575	0
p.(Q21M)	missense	Q	M	ph55	21	-0.018233961679000012	0.28961781556130184	0.4415	-0
p.(Q21N)	missense	Q	N	ph55	21	-0.15402537502772498	0.2997945864723969	0.2735	-0
p.(Q21P)	missense	Q	P	ph55	21	-0.493917981359	0.286366261608668	0.05825	-0
p.(Q21R)	missense	Q	R	ph55	21	-0.06762192553997501	0.2877923256344601	0.375	-0
p.(Q21S)	missense	Q	S	ph55	21	-0.140293004277925	0.2844173131628283	0.28325	-0
p.(Q21T)	missense	Q	T	ph55	21	-0.13491701520967503	0.28831458963454293	0.2975	-0
p.(Q21V)	missense	Q	V	ph55	21	0.2078633265355875	0.3012787425169986	0.23875	0
p.(Q21W)	missense	Q	W	ph55	21	-0.10077386284675001	0.27395175902410424	0.32075	-0
p.(Q21Y)	missense	Q	Y	ph55	21	-0.3635194675179875	0.2879961707172306	0.10475	-0
